keys,fr
arena.plaine_au_talus.name,Plaine au talus
arena.gorge.name,Gorge
arena.ruine_a_estrades.name,Ruine à estrades
creature.aventurier.name,Aventurier
creature.loup.name,Loup
creature.essaim_abeilles.name,Essaim d'abeilles
creature.vautour.name,Vautour
creature.chameau.name,Chameau sauvage
creature.ours_polaire.name,Ours polaire
creature.loup_blanc.name,Loup blanc
creature.renne.name,Renne
creature.morse.name,Morse
creature.crocodile.name,Crocodile
creature.nuee_moustiques.name,Nuée de moustiques
creature.serpent_venimeux.name,Serpent venimeux
creature.ours_brun.name,Ours brun
creature.bouquetin.name,Bouquetin
creature.lynx.name,Lynx
creature.sanglier.name,Sanglier
creature.bandit.name,Bandit
creature.chef_de_bande.name,Chef de bande
creature.aigle.name,Aigle
creature.scorpion.name,Scorpion
creature_action.morsure.name,Morsure
creature_action.morsure_puissante.name,Morsure puissante
creature_action.morsure_venimeuse.name,Morsure venimeuse
creature_action.griffure.name,Griffure
creature_action.coup_de_patte.name,Coup de patte
creature_action.charge.name,Charge
creature_action.coup_de_defenses.name,Coup de défenses
creature_action.coup_de_tete.name,Coup de tête
creature_action.masse_ecrasante.name,Masse écrasante
creature_action.ruade.name,Ruade
creature_action.harcelement_meute.name,Harcèlement de meute
creature_action.hurlement.name,Hurlement
creature_action.dard_essaim.name,Dard d'essaim
creature_action.nuee.name,Nuée
creature_action.pique_venimeuse.name,Piqûre venimeuse
creature_action.pinces.name,Pinces
creature_action.machoire_verrouillee.name,Mâchoire verrouillée
creature_action.embuscade.name,Embuscade
creature_action.bond.name,Bond
creature_action.pique_plongeant.name,Piqué plongeant
creature_action.serres.name,Serres
creature_action.becquetage.name,Becquetage
creature_action.cri_de_ralliement.name,Cri de ralliement
creature_action.enchainement.name,Enchaînement
functionality.dague.name,Dague
functionality.mains_nues.name,mains nues
item.mains_nues.name,Poings
functionality.epee.name,Épée
functionality.masse.name,Masse
functionality.lance.name,Lance
functionality.arc.name,Arc
functionality.baton_magique.name,Bâton magique
functionality.bouclier.name,Bouclier
item.proto_dague.name,Dague
item.proto_epee.name,Épée
item.proto_masse.name,Masse
item.proto_lance.name,Lance
item.proto_arc.name,Arc
item.proto_baton_magique.name,Bâton magique
item.proto_bouclier.name,Bouclier
item.proto_casque_cuir.name,Casque de cuir
item.proto_cuirasse_cuir.name,Cuirasse de cuir
item.proto_cuirasse_mailles.name,Cuirasse de mailles
item.proto_casque_fer.name,Casque de fer
item.proto_jambieres_cuir.name,Jambières de cuir
ai_profile.hostile.name,Hostile
ai_profile.bete_sauvage.name,Bête sauvage
ai_profile.compagnon.name,Compagnon
tile_content.mur.name,Mur
ui.titre,SENSEN — prototype de combat
ui.horloge,horloge {horloge} · {mode}
ui.mode.exploration,exploration ({tps} ticks/s)
ui.mode.combat,COMBAT — le temps n'avance qu'à l'action
ui.mode.donjon,DONJON — le temps n'avance qu'à l'action
ui.entite.ligne,{nom} pv {pv}/{pv_max} · vig {end} · agit à t={compteur} · h={h}
ui.case,"case ({x},{y}) h={h} · Δh vs toi : {dh}"
ui.timeline,prochaines actions :
ui.preview,{nom} : {des}×{dur} +{stat} → zone {zone} ×{mult} − armure {armure} ⇒ {min}–{max} ({ticks} ticks)
ui.preview.lourde,lourde : ×{lourde} dégâts · {ticks} ticks · brise la garde
journal.deplacement,{nom} se déplace ({cout} ticks)
journal.chute,{nom} chute de {niveaux} niveaux : {degats} dégâts
journal.attaque,{att} frappe {def} à la {zone} : {degats} dégâts ({ticks} ticks)
journal.attaque_lourde,{att} ATTAQUE LOURDE sur {def} ({zone}) : {degats} dégâts — garde brisée
journal.telegraphe,{nom} prépare {action} ({ticks} ticks)
journal.garde,{nom} prend la garde (2 ticks)
journal.garde_tient,la garde de {nom} absorbe le coup : {avant} → {apres}
journal.attendre,"{nom} attend (5 ticks, +20 vigueur)"
item.organe.name,Organe
item.membre.name,Membre
nom.partie_de,"{partie} de {creature}"
option.depouille,Fouiller la dépouille
ui.choix.prelever,Prélever
ui.ecran.depouille,"Dépouille de {nom} — {stade}"
ui.anatomie.prelevee,"  {nom} — prélevée"
ui.anatomie.d_prelevee,Prélevée sur la dépouille.
ui.anatomie.d_stade,"État de la dépouille : {stade}."
ui.anatomie.d_sans_outil,Il faudrait une lame en main pour la prélever.
ui.anatomie.d_trop_tard,La chair est trop avancée : il n'y a plus rien à en tirer.
cadavre.frais,fraîche
cadavre.raide,raidie
cadavre.gonfle,gonflée
cadavre.putrefie,putréfiée
cadavre.ossements,réduite aux ossements
journal.preleve,"{nom} prélève {partie} sur {def}"
journal.preleve_rate,"{nom} abîme {partie} en voulant la prélever"
journal.mort,{nom} tombe.
journal.engagement,{nom} t'a vu — COMBAT : le temps n'avance plus qu'à l'action
journal.desengagement,plus d'hostile en vue — le combat est fini
journal.inaccessible,inaccessible — une falaise (Δ ≥ 3) ou un mur barre la route
journal.endurance_zero,{nom} est à bout de souffle : dégâts à 60 %
journal.action_creature,{att} : {action} sur {def} ({zone}) : {degats} dégâts
journal.changer_arme,{nom} prend {objet} ({ticks} ticks)
journal.chaine_segment,"{nom} pose un segment {element} ({position}/{capacite}, +{transition})"
journal.chaine_resout,{nom} RÉSOUT sa chaîne : dégâts ×{mult}
element.bois,Bois
element.feu,Feu
element.terre,Terre
element.metal,Métal
element.eau,Eau
ui.wuxing,{element} contre {contre} : ×{dom} · jauge {segments}/{capacite} (gain ×{gain}) · ce coup : segment {position} {transition} → ×{chaine}
ui.chaine,chaîne : {segments}
journal.capacite,{att} lance {capacite} sur {def} ({zone}) : {degats} dégâts
journal.soin,{att} : {capacite} soigne {def} de {soin}
journal.surchauffe,{nom} SURCHAUFFE : {deficit} de mana manquant → {degats} PV
journal.condition_fausse,{capacite} ne part pas : {condition} n'est pas remplie (50 % des ticks rendus)
capacite.etincelle.name,Étincelle
capacite.gel_en_ligne.name,Gel en ligne
capacite.baume.name,Baume
ui.capacite,{touche} {nom} [{modules}] : {forme} portée {pmin}-{pmax} taille {taille} · {ticks} ticks · {ressource} {monnaie} · {des}{bonus}
ui.capacite.visee,VISÉE : {nom} — cliquer une tuile
ui.capacite.preview,{nom} sur {def} : {des}{bonus} ×{dom} → zone {zone} ×{mult} − armure {armure} ⇒ {min}–{max}
ui.entite.mana,mana {mana}/{mana_max}
journal.statut,{nom} subit {statut} ({duree} ticks)
journal.statut_degats,{nom} souffre de {statut} : {degats} dégâts
journal.cumul," (×{n})"
journal.chaine_interrompue,la chaîne de {nom} est INTERROMPUE : un segment tombe
journal.tir_refuse,tir impossible : {raison}
raison.munitions,plus de munitions
raison.allie,un allié masque la cible
status.brulure.name,Brûlure
status.poison.name,Poison
status.saignement.name,Saignement
status.infection.name,Infection
status.ralentissement.name,Ralentissement
status.hate.name,Hâte
status.hate_meute.name,Hâte de meute
status.ralliement.name,Ralliement
status.etourdi.name,Étourdi
status.enracinement.name,Enracinement
status.retarde.name,Retardé
status.egide.name,Égide
status.garde_annulee.name,Garde annulée
status.terreur.name,Terreur
item.proto_fleches.name,Flèches
ai_profile.elite.name,Élite
ui.munitions,flèches {n}
ui.statuts,statuts : {liste}
ui.fin.titre,=== FIN DU COMBAT — {issue} en {ticks} ticks ===
ui.fin.victoire,victoire
ui.fin.defaite,défaite
ui.fin.piste,  {piste} : {detail}
ui.fin.suite,(clic ou touche pour continuer)
tile_content.barriere.name,Barrière
journal.glyphe_pose,"{nom} pose un glyphe ({capacite}) sur ({x},{y})"
journal.glyphe_declenche,{nom} déclenche le glyphe de {source} !
journal.differe,{nom} : {capacite} partira dans {ticks} ticks
journal.terrain,"la tuile ({x},{y}) passe de h={avant} à h={apres}"
journal.invocation,"{nom} dresse {contenu} sur ({x},{y}) pour {ticks} ticks"
journal.arme,{nom} arme {capacite} ({evenement})
journal.declencheur,{nom} : {evenement} — {capacite} part !
declencheur.riposte,riposte
declencheur.parade,parade
declencheur.ouverture,ouverture
declencheur.veille,veille
declencheur.testament,testament
declencheur.accord,accord
rig.humanoide.name,Humanoïde
rig.quadrupede.name,Quadrupède
rig.volant.name,Volant
rig.amorphe.name,Amorphe
tutorial.bascule_tactique.text,"Un hostile vous a vu : le temps ne passe plus qu'à vos actions. Réfléchir est gratuit — lisez la timeline à droite avant d'agir."
tutorial.telegraphe.text,"Un « ! » et des tuiles rouges : une attaque est engagée et se résoudra à l'échéance. Bougez, prenez la garde (G) ou frappez avant."
tutorial.premier_claim.text,"Une cellule revendiquée porte un rôle (Tab → Territoire) : base, habitation, champs ou ressources naturelles."
tutorial.premier_feu.text,"Le feu court d'une tuile inflammable à l'autre, deux fois plus vite sous le vent. La pluie l'éteint."
tutorial.premier_livre.text,"Un livre peut aussi échouer : la Lecture et la Perception décident, et un échec grave détruit le livre."
tutorial.premier_module.text,"Une capacité se compose : une forme, un noyau, des modificateurs. Tab → Capacités pour en assembler une autre."
tutorial.premier_raid.text,"Un raid vise le cœur du claim : les gardes assignés, les murs et les tourelles font la défense."
tutorial.premier_recrutement.text,"Un compagnon obéit à des ordres gratuits : suis-moi, attends ici, posture, repli — dans son dialogue."
tutorial.premiere_construction.text,"Ce qui est posé se démonte (clic droit) : un meuble mal placé n'est jamais perdu."
tutorial.premiere_couvee.text,"Chaque couvée enrichit le registre (Tab → Registre) : les paliers de variétés et d'espèces donnent de vrais bonus."
tutorial.premiere_cueillette.text,"Les plantes sauvages repoussent hors des cellules revendiquées — inutile de tout ramasser d'un coup."
tutorial.premiere_faim.text,"La faim ronge les stats avant la santé : un plat cuisiné nourrit mieux qu'une viande crue, et sans risque."
tutorial.premiere_nage.text,"On ne nage pas chargé : lâche du poids, ou contourne. Sous l'eau, le souffle descend et le Feu ne part pas."
tutorial.premiere_recolte.text,"Les murs et les filons se récoltent à la pioche, les arbres à la hache : l'outil en main décide de ce qui tombe."
tutorial.premier_segment.text,"Un coup qui touche pose un segment de chaîne (les pastilles sous vous). Enchaînez cinq éléments dans l'ordre d'engendrement — ou quatre coups rapides puis une lourde — pour résoudre."
tutorial.fin_de_combat.text,"Le combat se relâche : l'écran de fin montre la durée en ticks et l'XP des pistes (élément, arme, type de dégâts, armure)."
tile_content.roche.name,Roche
dungeon_theme.ruine.name,Ruine
dungeon_theme.repaire.name,Repaire
ui.donjon,DONJON {theme} · étage {etage}/{etages} · salles {salles} · marchez sur l'escalier (doré : descendre · vert : remonter et sortir)
journal.descente,"vous descendez à l'étage {etage}/{etages} — {salles} salles, corruption {corruption} %"
journal.pas_escalier,pas de cage d'escalier ici
item.proto_anneau.name,Anneau
item.proto_amulette.name,Amulette
rarete.commun,commun
rarete.inhabituel,inhabituel
rarete.rare,rare
rarete.exceptionnel,exceptionnel
rarete.artefact,artefact
epithete.bois,de sève
epithete.feu,de braise
epithete.terre,de roc
epithete.metal,d'acier
epithete.eau,de givre
affixe.unique_second_souffle.nom,"{base} du second souffle"
affixe.unique_vol_de_mana.nom,"{base} buveur de mana ({pct} %)"
affixe.unique_chaine_eternelle.nom,"{base} de la chaîne éternelle"
journal.second_souffle,"{nom} trouve un second souffle (+{soin} PV)"
affixe.cadence_element.nom,{base} {epithete} (une attaque sur {n} porte {element})
affixe.cadence_des.nom,{base} fervent (une sur {n} : +{des} dé)
affixe.cadence_percant.nom,{base} perçant (tous les {n} coups : ignore {pct} % d'armure)
affixe.cadence_saignee.nom,{base} sanglant (un coup sur {n} saigne)
affixe.cadence_parade.nom,{base} du parieur (une parade sur {n} rend {endurance} vigueur)
affixe.cadence_riposte.nom,{base} vengeur (un coup reçu sur {n} : riposte +{des} dé)
affixe.cond_pv_bas.nom,{base} du dernier souffle (sous {pct_pv} % PV : +{des} dé)
affixe.cond_element_cible.nom,{base} du chasseur (contre {element} : +{pct} %)
affixe.cond_profondeur.nom,{base} des profondeurs (étage ≥ {etage} : +{des} dé)
affixe.cond_nuit.nom,{base} nocturne (la nuit : +{pct} % vitesse)
affixe.cond_corruption.nom,{base} du danger (corruption ≥ {seuil} : +{pct} %)
affixe.cond_mana.nom,{base} des sources (densité de mana : −{pct} % coût)
affixe.wuxing_cycle.nom,{base} tournant (les coups touchés avancent l'élément dans le cycle)
affixe.wuxing_amplification.nom,{base} amplifié ({element} ×{pct} %)
affixe.wuxing_transmutation.nom,{base} de transmutation ({element} → {vers})
affixe.wuxing_ajout.nom,{base} {epithete} (+{pct} % {element} au vecteur)
affixe.wuxing_segment.nom,{base} de la chaîne (+1 segment de chaîne)
affixe.wuxing_combo.nom,{base} du combo (les combos donnent +2 dés)
affixe.wuxing_purete.nom,{base} pur (+{pct} % à l'élément dominant)
affixe.wuxing_domination.nom,{base} accordé (matchups défensifs +{pct} %)
affixe.decl_zone_etourdit.nom,{base} assommant (au coup en {zone} : étourdit {duree_ticks} ticks)
affixe.decl_zone_saigne.nom,{base} cruel (au coup en {zone} : saigne {duree_ticks} ticks)
affixe.decl_parade.nom,{base} du rempart (à la parade : rend {endurance} vigueur)
affixe.decl_mise_a_mort.nom,{base} du prédateur (à la mise à mort : +{pct} % vitesse {ticks} ticks)
affixe.decl_touche_etourdit.nom,{base} hérissé (touché : {chance} % d'étourdir {duree_ticks} ticks)
affixe.decl_touche_saigne.nom,{base} épineux (touché : {chance} % de faire saigner)
affixe.meca_vol_de_vie.nom,{base} vampirique (vol de vie {pct} %)
affixe.meca_allonge.nom,{base} long (+{n} allonge)
affixe.meca_garde.nom,{base} de la garde (garde −{pct} % de vigueur)
affixe.meca_capacite.nom,{base} du porteur (+{kg} capacité)
affixe.meca_vigueur_max.nom,{base} du souffle (+{n} vigueur max)
affixe.meca_armure.nom,{base} renforcé (+{n} armure)
affixe.passif_stat.nom,{base} de {stat} (+{n})
affixe.passif_competence.nom,{base} de {competence} (+{n})
affixe.passif_surchauffe.nom,{base} du mage (surchauffe ×{mult} %)
affixe.passif_regen.nom,{base} vivace (régénération +{pct} %)
affixe.passif_vitesse.nom,{base} du coureur (+{pct} % vitesse)
affixe.passif_tag.nom,{base} de {tag}
journal.loot,{nom} trouve : {objet}
journal.equipe,{nom} équipe {objet}
journal.rare,un {nom} RARE apparaît — {epithete} !
epithete_rare.ancestral,Ancestral
epithete_rare.dore,Doré
epithete_rare.sans_ombre,Sans ombre
epithete_rare.affame,Affamé
tile_content.coffre.name,Coffre
tile_content.butin.name,Butin
journal.rien_a_ramasser,rien à ramasser ici
item.gemme_rubis.name,Rubis
item.gemme_saphir.name,Saphir
item.gemme_emeraude.name,Émeraude
item.gemme_topaze.name,Topaze
item.gemme_onyx.name,Onyx
item.gemme_diamant.name,Diamant
item.gemme_amethyste.name,Améthyste
item.gemme_grenat.name,Grenat
item.gemme_opale.name,Opale
item.gemme_ambre.name,Ambre
item.grimoire.name,Grimoire
item.manuel.name,Manuel
taille.degats_element,dégâts élémentaires +
taille.competence,compétence +
taille.affinite,affinité +
taille.qualite,qualité +
taille.mana_max,mana max +
taille.sante_max,PV max +
taille.endurance_max,vigueur max +
taille.duree_statuts,durée des statuts +
taille.stat,stat +
domaine.feu,de Feu
domaine.eau,d'Eau et de Glace
domaine.terre,de Terre
domaine.metal,de Métal
domaine.bois,de Foudre et de Vie
domaine.arcane,d'Arcane
domaine.vie,de Vie
domaine.frappes,des Frappes
domaine.postures,des Postures
domaine.techniques,des Techniques
domaine.maitrise,de Maîtrise
journal.serti,{nom} sertit {gemme} dans {objet}
journal.pas_de_sertissure,pas d'emplacement libre (ou pas de gemme)
journal.lecture_reussie,{nom} lit {livre} : {n} module(s) appris
journal.lecture_echouee,"{nom} échoue à lire {livre} — le livre est perdu ({grave})"
ui.modules_connus,modules connus {n}
competence.epee.name,Épée
competence.hache_d_armes.name,Hache d'armes
competence.masse.name,Masse
competence.lance.name,Lance
competence.dague.name,Dague
competence.arc.name,Arc
competence.arbalete.name,Arbalète
competence.baton_magique.name,Bâton magique
competence.mains_nues.name,Mains nues
competence.bouclier.name,Bouclier
competence.dual_wielding.name,Dual wielding
competence.deux_mains.name,Deux mains
competence.meditation.name,Méditation
competence.recuperation.name,Récupération
competence.chasse.name,Chasse
serment.corps_nu.name,Corps nu
serment.corps_nu.desc,"Aucune armure, jamais — les coups portent à +35 %"
serment.mains_nues.name,Mains nues
serment.mains_nues.desc,"Aucune arme en main — les coups portent à +25 %"
serment.pauvrete.name,Pauvreté
serment.pauvrete.desc,"Jamais plus de cent pièces d’or — +3 Perception"
serment.sobriete.name,Sobriété
serment.sobriete.desc,"Aucune potion bue — +3 Endurance"
serment.vegetarien.name,Végétarien
serment.vegetarien.desc,"Aucune viande mangée — +3 Volonté"
serment.silence.name,Silence
serment.silence.desc,"Aucun livre lu — +2 Force et +2 Dextérité"
ui.creation.serments,Serments
journal.serment_rompu,"{nom} a rompu son serment : {serment} — le don est perdu"
competence.controle_mana.name,Contrôle du mana
competence.magie_feu.name,Feu
competence.magie_eau.name,Eau/Glace
competence.magie_terre.name,Terre
competence.magie_metal.name,Métal
competence.magie_bois.name,Foudre/Vie
competence.magie_arcane.name,Arcane
competence.magie_espace.name,Espace
competence.magie_corruption.name,Corruption
competence.minage.name,Minage
competence.bucheronnage.name,Bûcheronnage
competence.terrassement.name,Terrassement
competence.herboristerie.name,Herboristerie
competence.collecte.name,Collecte
competence.forge.name,Forge
competence.menuiserie.name,Menuiserie
competence.taille_de_pierre.name,Taille de pierre
competence.tissage.name,Tissage
competence.alchimie.name,Alchimie
competence.cuisine.name,Cuisine
competence.enchantement.name,Enchantement
competence.lecture.name,Lecture
competence.negociation.name,Négociation
competence.dressage.name,Dressage
competence.leadership.name,Leadership
competence.agriculture.name,Agriculture
competence.elevage.name,Élevage
competence.navigation.name,Navigation
competence.discretion.name,Discrétion
competence.athletisme.name,Athlétisme
competence.esquive.name,Esquive
competence.encaissement.name,Encaissement
competence.matelasse.name,Matelassé
competence.cuir.name,Cuir
competence.tissu.name,Tissu
competence.rituel.name,Vêtement rituel
competence.mailles.name,Mailles
competence.ecailles.name,Écailles
competence.plaque.name,Plaque
competence.tranchant.name,Tranchant
competence.perforant.name,Perforant
competence.contondant.name,Contondant
competence.element_bois.name,Bois (élément)
competence.element_feu.name,Feu (élément)
competence.element_terre.name,Terre (élément)
competence.element_metal.name,Métal (élément)
competence.element_eau.name,Eau (élément)
race.humain.name,Humain
race.insectoide.name,Insectoïde
race.homme_bete.name,Homme-bête
race.robot.name,Robot
race.nautique.name,Nautique
race.mutant.name,Mutant
race.daemon.name,Daemon
ui.apparence.val.museau,museau
ui.apparence.val.plaque,plaquée
ui.apparence.val.ecailleuse,écailleuse
ui.apparence.val.difforme,difforme
ui.apparence.val.cornue,cornue
ui.apparence.val.poilues,poilues
ui.apparence.val.capteurs,capteurs
ui.apparence.val.nageoires,nageoires
ui.apparence.val.asymetriques,asymétriques
ui.apparence.val.fauves,fauves
ui.apparence.val.optiques,optiques
ui.apparence.val.globuleux,globuleux
ui.apparence.val.multiples,multiples
ui.apparence.val.braise,de braise
ui.apparence.val.crocs,crocs
ui.apparence.val.grille,grille
ui.apparence.val.branchies,branchies
ui.apparence.val.tordue,tordue
ui.apparence.val.ardente,ardente
ui.apparence.val.insectoide,insectoïde
ui.apparence.val.mandibules,mandibules
ui.apparence.val.antennes,antennes
race.elfe.name,Elfe
race.nain.name,Nain
classe.le_sabre.name,Le Sabre
classe.le_souffle.name,Le Souffle
classe.la_braise.name,La Braise
classe.la_trace.name,La Trace
classe.la_balance.name,La Balance
classe.la_paume.name,La Paume
classe.le_creuset.name,Le Creuset
classe.le_vent.name,Le Vent
journal.niveau,{nom} : {competence} passe au niveau {niveau} (potentiel {potentiel})
ui.cout.capacite,"coût {n} {monnaie} (il t'en reste {reserve})"
ui.cout.deficit," — il t'en manque {n} : {pv} PV"
ui.reputation,"réputation : {liste}"
ui.reputation.village,"{nom} {n}"
ui.reputation.royaume,"royaume {nom} {n}"
ui.reputation.globale,"partout {n}"
ui.reputation.factions,"on dit de toi : {liste}"
ui.niveaux,niveau de combat {combat} · général {general}
ui.fin.niveaux,  niveaux gagnés : {liste}
ui.feuille,=== FEUILLE ===
ui.feuille.ligne,  {competence} {niveau} (XP {xp}/{suivant} · potentiel {potentiel})
ui.feuille.stat,  {stat} {valeur} (potentiel {potentiel})
animal.rat,Rat
animal.boeuf,Bœuf
animal.tigre,Tigre
animal.lapin,Lapin
animal.dragon,Dragon
animal.serpent,Serpent
animal.cheval,Cheval
animal.chevre,Chèvre
animal.singe,Singe
animal.coq,Coq
animal.chien,Chien
animal.cochon,Cochon
stat.force,Force
stat.dexterite,Dextérité
stat.endurance,Endurance
stat.volonte,Volonté
stat.perception,Perception
stat.charisme,Charisme
ui.creation.titre,=== CRÉATION DU PERSONNAGE ===
ui.creation.race,Race : {race} (R)
ui.creation.classe,Classe : {classe} (C) — talent : {talent}
ui.creation.talent_race,Talent de race : {talent}
ui.creation.sans_talent,aucun (à apprendre d'un maître)
ui.creation.points,Points à répartir : {restants} / {total}
ui.creation.signe,"Année de naissance {annee} : signe {element}-{animal} (← →)"
ui.creation.aide,"↑↓ choisir une stat · + / − répartir (max +10) · Entrée : commencer"
journal.respawn,{nom} se relève au point d'entrée ({perdus} objet(s) perdu(s))
journal.remontee,vous remontez à l'étage {etage}
journal.sortie,"{nom} ressort du donjon : {tues} ennemis, {objets} objets, étage {etage_max}"
ui.expedition.titre,=== EXPÉDITION TERMINÉE — {theme} ===
ui.expedition.ligne,"  étage max {etage_max} · {tues} ennemis vaincus · {objets} objets ramassés ({sac} au sac) · boss : {boss} · niveau de combat {combat}, général {general} — une nouvelle expédition commence"
journal.creuse,"{nom} abat le mur en ({x},{y})"
journal.increusable,ce mur ne se creuse pas (la roche de la cellule)
journal.recolte,"{nom} récolte {quantite} × {materiau}"
journal.rebondit,"l'outil rebondit : {materiau} est trop dur pour lui"
journal.effrite,"{nom} abat le mur ; sans outil, {materiau} s'effrite"
item.materiau_brut.name,Matériau brut
item.proto_pioche.name,Pioche de fer
functionality.pelle.name,Pelle
functionality.seau.name,Seau
item.proto_pelle.name,Pelle de fer
item.proto_seau.name,Seau de bois
item.craft_pelle.name,Pelle
recipe.fabriquer_seau.name,Fabriquer un seau
recipe.fabriquer_torche.name,Fabriquer des torches
functionality.pioche.name,Pioche
tile_content.filon.name,Filon
station.etabli.name,Établi
station.forge.name,Forge
station.enclume.name,Enclume
station.scierie.name,Scierie
station.tailleur_de_pierre.name,Tailleur de pierre
station.atelier_tissage.name,Atelier de tissage
station.alambic.name,Alambic
station.cuisine.name,Cuisine
station.table_enchantement.name,Table d'enchantement
recipe.fondre_lingot.name,Fondre un lingot
recipe.scier_planche.name,Scier des planches
recipe.tailler_pierre.name,Tailler la pierre
recipe.tanner_cuir.name,Tanner une peau
item.defense.name,Défense
material.ivoire.name,ivoire
recipe.polir_ivoire.name,Polir de l’ivoire
item.ecaille.name,Écaille
material.ecaille.name,écaille
recipe.durcir_ecaille.name,Durcir des écailles
material.croc.name,croc
recipe.travailler_os.name,Travailler l’os
recipe.tailler_croc.name,Tailler un croc
recipe.preparer_fourrure.name,Préparer une fourrure
recipe.tisser_tissu.name,Tisser
recipe.tailler_gemme.name,Tailler une gemme
recipe.fondre_verre.name,Fondre du verre
recipe.cuire_brique.name,Cuire des briques
recipe.faire_papier.name,Faire du papier
recipe.tresser_chaume.name,Tresser du chaume
forme.brut,{materiau}
forme.lingot,{materiau} (lingot)
forme.planche,{materiau} (planche)
forme.pierre_taillee,{materiau} (pierre taillée)
forme.tissu,{materiau} (tissu)
forme.taillee,{materiau} (taillée)
journal.fabrique,"{nom} fabrique {quantite} × {objet} ({recette})"
journal.manque,il manque des matériaux pour {recette}
journal.pas_de_station,aucune station dans le sac pour {recette}
ui.atelier,=== ATELIER (F pour fermer) — chiffre : fabriquer ===
ui.atelier.ligne,"  {n} {recette} [{station}] : {entrees} → {sortie}{ok}"
ui.atelier.vide,  (aucune station dans le sac)
tile_content.plante.name,Plante
tile_content.plante_sauvage.name,Plante sauvage
tile_content.lave.name,Lave
tile_content.obsidienne_figee.name,Roche figée
journal.lave_brule,"{nom} touche la lave ({degats})"
journal.mur_effondre,"un pan de mur s'écroule ({x},{y})"
journal.plancher_cede,"{nom} passe au travers du plancher : {degats} dégâts"
journal.plancher_effondre,"le plancher de l'étage s'effondre ({x},{y})"
journal.entend,"{nom} entend quelque chose et va voir"
slot.protege_ailes,Protège-ailes
slot.protege_queue,Protège-queue
partie.conduit_auditif_D,Conduit auditif droit
partie.conduit_auditif_G,Conduit auditif gauche
partie.narines,Narines
partie.nez,Nez
partie.oeil,Œil
partie.oeil_1,Œil 1
partie.oeil_2,Œil 2
partie.oeil_3,Œil 3
partie.oeil_4,Œil 4
partie.oeil_5,Œil 5
partie.oeil_6,Œil 6
partie.oeil_7,Œil 7
partie.oeil_8,Œil 8
partie.oreille_D,Oreille droite
partie.oreille_G,Oreille gauche
partie.organe_de_jacobson,Organe de Jacobson
partie.soies_sensorielles,Soies sensorielles
partie.truffe,Truffe
ui.ecran.anatomie,Anatomie de {nom}
ui.menu.anatomie,Anatomie
ui.anatomie.vital,vital
ui.anatomie.sens,"{sens} : {restants}/{total} — {etat}"
ui.anatomie.sens_ok,intact
ui.anatomie.sens_perdu,PERDU
ui.anatomie.sans_plan,Ce corps n'a pas de plan connu.
sens.vue,Vue
sens.ouie,Ouïe
sens.odorat,Odorat
ui.anatomie.membre,"{nom}  {pv}/{pv_max}"
ui.anatomie.organe,"   · {nom}  {pv}/{pv_max}"
ui.anatomie.perdue,"{nom}  —"
ui.anatomie.d_perdue,Perdu.
ui.anatomie.d_reserve,"Réserve : {pv} / {pv_max}"
ui.anatomie.d_nature,"{nature}{vital}"
ui.anatomie.d_membre,Membre
ui.anatomie.d_organe,Organe
ui.anatomie.d_vital, — vital
ui.anatomie.d_zone,"Zone de coup : {zone} (poids {poids})"
ui.anatomie.d_attache,"Attaché à : {nom}"
ui.anatomie.d_sens,"Sens : {sens} — {etat}"
ui.anatomie.d_emplacements,"Équipement : {liste}"
ui.anatomie.d_porte,"Porte : {liste}"
ui.anatomie.d_loge,"Loge : {liste}"
zone.tete,Tête
zone.torse,Torse
zone.bras,Bras
zone.jambes,Jambes
zone.pieds,Pieds
partie.abdomen,Abdomen
partie.aile_D,Aile droite
partie.aile_G,Aile gauche
partie.bras_D,Bras droit
partie.bras_G,Bras gauche
partie.cephalothorax,Céphalothorax
partie.cerveau,Cerveau
partie.chelizeres,Chélicères
partie.ganglion,Ganglion
partie.oeil_compose_D,Œil composé droit
partie.oeil_compose_G,Œil composé gauche
partie.antenne_D,Antenne droite
partie.antenne_G,Antenne gauche
partie.tympan_D,Tympan droit
partie.tympan_G,Tympan gauche
partie.coeur_dorsal,Cœur dorsal
partie.trachee_D,Trachée droite
partie.trachee_G,Trachée gauche
partie.corps_gras,Corps gras
partie.jabot,Jabot
partie.processeur,Processeur
partie.optique_D,Optique droite
partie.optique_G,Optique gauche
partie.capteur_acoustique_D,Capteur acoustique droit
partie.capteur_acoustique_G,Capteur acoustique gauche
partie.capteur_chimique,Capteur chimique
partie.noyau,Noyau
partie.batterie,Batterie
partie.pompe_hydraulique,Pompe hydraulique
partie.dissipateur,Dissipateur
partie.servo_dorsal,Servo dorsal
partie.organe_olfactif,Organe olfactif
partie.ligne_laterale,Ligne latérale
partie.branchie_D,Branchie droite
partie.branchie_G,Branchie gauche
partie.vessie_natatoire,Vessie natatoire
partie.oreille_mobile_D,Oreille mobile droite
partie.oreille_mobile_G,Oreille mobile gauche
partie.glande_odorante,Glande odorante
partie.coeur_second,Second cœur
partie.tumeur,Tumeur
partie.oeil_braise_D,Œil de braise droit
partie.oeil_braise_G,Œil de braise gauche
partie.naseaux,Naseaux
partie.coeur_de_soufre,Cœur de soufre
partie.poumon_de_cendre_D,Poumon de cendre droit
partie.poumon_de_cendre_G,Poumon de cendre gauche
partie.vesicule_ardente,Vésicule ardente
partie.fournaise,Fournaise
partie.coeur,Cœur
partie.corps,Corps
partie.estomac,Estomac
partie.filieres,Filières
partie.foie,Foie
partie.gesier,Gésier
partie.glande_venin,Glande à venin
partie.intestin_moyen,Intestin moyen
partie.intestins,Intestins
partie.jambe_D,Jambe droite
partie.jambe_G,Jambe gauche
partie.main_D,Main droite
partie.main_G,Main gauche
partie.masse,Masse
partie.oeil_D,Œil droit
partie.oeil_G,Œil gauche
partie.patte_1,Patte 1
partie.patte_2,Patte 2
partie.patte_3,Patte 3
partie.patte_4,Patte 4
partie.patte_5,Patte 5
partie.patte_6,Patte 6
partie.patte_7,Patte 7
partie.patte_8,Patte 8
partie.patte_AR_D,Patte arrière droite
partie.patte_AR_G,Patte arrière gauche
partie.patte_AV_D,Patte avant droite
partie.patte_AV_G,Patte avant gauche
partie.patte_D,Patte droite
partie.patte_G,Patte gauche
partie.pied_D,Pied droit
partie.pied_G,Pied gauche
partie.poumon,Poumon
partie.poumon_D,Poumon droit
partie.poumon_G,Poumon gauche
partie.poumons_livres,Poumons-livres
partie.queue,Queue
partie.rein,Rein
partie.rein_D,Rein droit
partie.rein_G,Rein gauche
partie.sacs_aeriens,Sacs aériens
partie.tete,Tête
partie.torse,Torse
journal.partie_perdue,"{nom} perd : {partie}"
journal.partie_vitale,"{partie} de {nom} est détruit — il s'effondre"
journal.flaire,"{nom} flaire une piste et la suit"
journal.depose,"{nom} dépose {def}"
journal.porter_refuse,"{nom} ne se laisse pas porter"
journal.effondrement,"le plafond s'effondre ({x},{y})"
journal.effondrement_blesse,"{nom} est pris sous l'éboulement : {degats} dégâts"
journal.lave_figee,"la lave se fige au contact de l'eau ({x},{y})"
journal.sol_cuit,"la chaleur cuit le sol : {avant} devient {apres} ({x},{y})"
journal.filon_fondu,"le filon coule : {avant} rend son {apres} ({x},{y})"
option.cueillir,Cueillir
journal.cueillette,"{nom} cueille {plante} ×{n}"
tile_content.eau.name,Eau
tile_content.eau_ecoulement.name,Eau (écoulement)
journal.inondation,"l'eau envahit ({x},{y})"
journal.pluie_creux,la pluie remplit les creux
journal.feu_prend,"le feu prend en ({x},{y})"
journal.feu_consume,"({x},{y}) est consumé par les flammes"
journal.arrachage,"la tempête arrache ({x},{y})"
journal.feux_eteints,"la pluie éteint les feux ({n})"
journal.brule,"{nom} brûle ({degats})"
journal.retrait,"l'eau se retire de ({x},{y})"
journal.emporte,"{nom} est emporté par le courant"
journal.evaporation,la canicule assèche les flaques
journal.source_comblee,"la source ({x},{y}) est comblée"
journal.foudre,"la foudre frappe ({x},{y})"
journal.foudre_eau,"la foudre court dans l'eau : {n} touché(s)"
ui.etat_grille_neige," · neige"
ui.etat_grille_gel," · gel"
status.respiration_aquatique_potion.name,Respiration aquatique
item.potion_respiration_aquatique.name,Potion de respiration aquatique
journal.coule,trop chargé pour nager : tu coulerais
journal.noyade,"{nom} manque d'air ({degats})"
journal.asphyxie,"{nom} étouffe : l'air ne suffit plus ({degats})"
journal.feu_dans_eau,pas de Feu sous l'eau
ui.souffle," · souffle {n}/{max}"
status.resistance_feu.name,Résistance au feu
status.resistance_froid.name,Résistance au froid
status.vision_nocturne_potion.name,Vision nocturne
status.antipoison.name,Antipoison
status.lame_empoisonnee.name,Lame empoisonnée
item.potion_resistance_feu.name,Potion de résistance au feu
item.potion_resistance_froid.name,Potion de résistance au froid
item.potion_vision_nocturne.name,Potion de vision nocturne
item.potion_antipoison.name,Antipoison
item.poison_de_lame.name,Poison de lame
journal.lame_empoisonnee,"{nom} : la lame empoisonne {cible}"
status.gel.name,Gel
status.confusion.name,Confusion
status.regeneration.name,Régénération
status.peau_de_pierre.name,Peau de pierre
status.beni.name,Béni
journal.statut_soin,"{nom} : {statut} rend {soin} PV"
journal.liberation,"{nom} se libère : {statut}"
journal.confusion,"{nom}, confus, part au hasard"
journal.brulure_eteinte,l'eau éteint la brûlure
option.segment_prefere,"Poser le segment : {element}"
option.segment_dominant,Segment : le dominant
ui.segment_prefere," · segment {element}"
affixe.passif_poids.nom,"{base} de portage (+{n} de capacité)"
affixe.passif_faim.nom,"{base} de sobriété (faim ×{mult} %)"
journal.immunite_poison,le poison glisse sur toi
item.arme_fantome.name,Lame fantôme
option.arme_fantome,"Invoquer une lame de {element}"
journal.arme_fantome,"{nom} invoque une lame de {element}"
journal.arme_fantome_dissipee,la lame fantôme se dissipe
journal.arme_fantome_mana,pas assez de mana pour invoquer une lame
journal.garde_porte,tu portes quelqu'un : pas de garde
option.abaisser,Abaisser (tranchée)
option.elever,Élever (talus)
journal.terrasse,"{nom} terrasse ({x},{y}) : hauteur {h}"
journal.terrasser_outil,il faut une pioche en main pour élever le sol
journal.regeneration,"le monde se soigne : {n} tuile(s) rendue(s)"
ui.ecran.incarner,Prendre le contrôle
journal.incarne,"tu incarnes {nom} ; {ancien} te suit"
journal.incarner_refuse,il faut une relation de 75 pour qu un être te cède sa place
journal.pas_de_mains,pas de mains : seules la barde et les bijoux s'équipent
journal.pas_de_lecture,cette forme ne lit pas
journal.monde_muet,le monde ne parle pas à une bête
race.lycanthrope.name,Lycanthrope
talent.lune.name,Lune
talent.lune.desc,"Forme bestiale à volonté : stats ×1,5, griffes et crocs, ni arme, ni capacité, ni parole ; forcée une nuit sur trente."
status.morsure_lunaire.name,Morsure lunaire
option.transformer,Se transformer
option.forme_humaine,Reprendre forme humaine
journal.transformation,"{nom} se transforme"
journal.forme_humaine,"{nom} reprend forme humaine"
journal.forme_forcee,la lune impose la bête cette nuit
journal.bete_refus,"sous forme bestiale : ni capacité, ni parole"
journal.lycanthrope,"{nom} s'éveille lycanthrope à l'aube"
race.spectre.name,Spectre
talent.sans_chair.name,Sans chair
talent.sans_chair.desc,"Dégâts physiques ×0,3, traverse un mur ; ni armure, ni soins de bouche ; les civils fuient."
option.traverser_mur,Traverser le mur
journal.spectre,"{nom} se relève… spectre"
journal.armure_refusee,un spectre ne porte pas d'armure
journal.traverse_mur,"{nom} passe à travers le mur"
race.vampire.name,Vampire
talent.soif_de_sang.name,Soif de sang
talent.soif_de_sang.desc,"+3 à toutes les stats la nuit, brûle au jour ; une morsure remplit la jauge ; plus de plats."
status.morsure.name,Morsure
status.sang_de_la_nuit.name,Sang de la nuit
status.soleil.name,Soleil
option.mordre,Mordre
journal.morsure,"{nom} mord {cible} ({degats}) — la jauge se remplit"
journal.vampire,"{nom} s'éveille vampire à l'aube"
journal.plat_refuse,un vampire ne mange plus de plats
classe.le_fossoyeur.name,Le Fossoyeur
classe.l_engrenage.name,L'Engrenage
talent.releveur.name,Releveur
talent.releveur.desc,"Relève les cadavres en invocations de 60 ticks ; chaque relève coûte de la réputation partout."
talent.affut.name,Affût
talent.affut.desc,"Une tourelle portative qui tire avec l'élément de ton arme et mange ton carquois."
option.relever,"Relever : {nom}"
option.affut,Déployer l'affût
journal.releve,"{nom} relève {cible} (réputation −{n})"
journal.releve_fin,"{nom} retourne à la terre"
journal.affut_pose,"{nom} déploie son affût"
journal.affut_tire,"l'affût touche {nom} ({degats})"
journal.affut_replie,l'affût se replie : plus de munitions
classe.le_masque.name,Le Masque
classe.le_sceau.name,Le Sceau
talent.masques.name,Masques
talent.masques.desc,"Deux masques à la fois, changés à 0 tick ; jamais de garde."
talent.graveur.name,Graveur
talent.graveur.desc,"Glyphes permanents déclenchés à distance ; 2× mana, immobile pendant la gravure."
status.masque_du_taureau.name,Masque du Taureau
status.masque_du_renard.name,Masque du Renard
status.masque_du_hibou.name,Masque du Hibou
status.gravure.name,Gravure
option.masque,"Porter / retirer : {nom}"
option.declencher_glyphe,Déclencher le glyphe
journal.masque,"{nom} change de masque : {masque}"
journal.glyphe_distance,"{nom} déclenche un glyphe à distance"
journal.garde_masque,le masque occupe la main : pas de garde
classe.le_passeur.name,Le Passeur
classe.le_sablier.name,Le Sablier
talent.breche.name,Brèche
talent.breche.desc,"Deux portails appairés, repositionnables ; mana max −30 %."
talent.maitre_du_tempo.name,Maître du tempo
talent.maitre_du_tempo.desc,"Voler du tempo à un ennemi : il est retardé, tu avances — contre de la santé."
option.poser_portail,Poser un portail
option.traverser,Traverser le portail
option.tempo,Voler du tempo
journal.portail_pose,"{nom} ouvre une brèche"
journal.traverse,"{nom} traverse la brèche"
journal.tempo_vole,"{nom} vole {n} ticks à {cible} (−{sante} PV)"
journal.tempo_refuse,le temps résiste (anti-stunlock)
classe.l_ecarlate.name,L'Écarlate
classe.le_porteur.name,Le Porteur
talent.jauge_de_sang.name,Jauge de sang
talent.jauge_de_sang.desc,"Les dégâts subis remplissent la jauge (jusqu'à ×1,8) ; tout soin la vide."
talent.saisie.name,Saisie
talent.saisie.desc,"Saisir un être adjacent et le lancer ; ni attaque ni garde tant qu'il est porté."
status.saisi.name,Saisi
ui.sang," · sang {n} %"
option.saisir,Saisir
option.lancer_etre,Lancer l'être saisi ici
journal.saisi,"{nom} saisit {cible}"
journal.lance,"{nom} lance {cible} ({degats})"
journal.debat,"{nom} se débat et se libère"
journal.porte,tu portes quelqu'un : ni attaque ni garde
classe.l_ombre.name,L'Ombre
classe.le_rieur.name,Le Rieur
talent.dissimulation.name,Dissimulation
talent.dissimulation.desc,"Dissimulé après chaque mise à mort (vu seulement adjacent) ; −25 % de face."
talent.deux_queues.name,Deux queues
talent.deux_queues.desc,"Critiques 19-20, échecs 1-2, une relance par combat."
status.dissimule.name,Dissimulé
journal.critique,"{att} : coup critique (×{mult}) !"
journal.rate,"{att} rate son coup"
journal.relance,"{att} relance le dé (Le Rieur)"
journal.dissimule,"{nom} se fond dans l'ombre"
ui.ecran.betail,Traiter en bétail
ui.ecran.resident,Traiter en résident
journal.statut_betail,"{nom} est désormais traité en bétail"
journal.statut_resident,"{nom} est désormais traité en résident"
journal.retrogradation,"{nom} le prend mal (relation −30, humeur −20)"
ui.gestion.betail, · bétail
material.verre_trempe.name,Verre trempé
material.acier_inox.name,Acier inoxydable
material.acier_tungstene.name,Acier au tungstène
material.caoutchouc.name,Caoutchouc
recipe.allier_inox.name,Allier l'acier inoxydable
recipe.allier_acier_tungstene.name,Allier l'acier au tungstène
recipe.vulcaniser_caoutchouc.name,Vulcaniser le caoutchouc
material.brique_refractaire.name,Brique réfractaire
material.beton.name,Béton
recipe.tremper_verre.name,Tremper le verre
recipe.cuire_brique_refractaire.name,Cuire une brique réfractaire
recipe.couler_beton.name,Couler du béton
item.plan_industriel.name,Plan industriel
journal.plan_appris,"{nom} déchiffre le plan : {recette}"
journal.plan_deja,"ce plan ne t'apprend rien de neuf"
journal.recette_niveau,"{recette} passe au niveau {n} : le jet de qualité se resserre"
journal.recette_doublon,"ce plan est connu — encore {k} doublon(s) pour le niveau {n}"
ui.objet.plan,"plan : {recette} (difficulté {difficulte})"
journal.communion,"{nom} : l'élément tourne vers {element} (Communion des cinq)"
module.renaissance.name,Renaissance
ui.menu.capacites,Capacités
ui.ecran.capacites,"CAPACITÉS — {n} · grille de l’arme tenue : {cases} cases — {voie} (Entrée : supprimer)"
ui.capacites.nouvelle,+ Nouvelle capacité
ui.capacites.ligne,"{nom} — {modules}"
ui.ecran.composer,COMPOSER — {sequence} · {grille} : {n}/{max} cases · V : valider
ui.composer.type,[{type}]
ui.composer.module,"{nom} — {desc}"
ui.composer.valider,Valider (V)
ui.composer.vide,(aucun module appris : lis des grimoires et des manuels)
ui.composer.apercu,"Aperçu : {geometrie} · portée {portee} · taille {taille} · {ticks} ticks · {ressource} {monnaie} · dés {des} · effets {effets}{erreurs}"
ui.composer.erreurs," · ERREURS : {liste}"
journal.capacite_creee,"nouvelle capacité : {nom}"
journal.capacite_refusee,capacité refusée : séquence invalide ou plus de place
journal.capacite_supprimee,"capacité retirée : {nom}"
journal.renaissance,"{nom} rappelle {compagnon} par la Renaissance"
journal.renaissance_rien,aucune âme à rappeler
classe.la_meche.name,La Mèche
talent.chaine_d_amorces.name,Chaîne d'amorces
talent.chaine_d_amorces.desc,"Une explosion amorce les bombes dans son rayon — les tiennes aussi."
journal.amorce,"l'explosion amorce une autre bombe"
item.bombe.name,Bombe
recipe.fabriquer_bombe.name,Fabriquer une bombe
journal.bombe_lancee,"{nom} lance une bombe ({retard} ticks)"
journal.bombe_refusee,"lancer : à 6 tuiles au plus, en ligne de vue"
journal.explosion,"BOUM — {tuiles} tuile(s) soufflée(s), {etres} être(s) touché(s)"
journal.explosion_degats,"l'explosion inflige {degats} à {nom}"
ui.hotbar.objet,"{nom} ×{n}"
ui.objet.visee,"VISÉE : {nom} — cliquer une tuile"
ui.ecran.reforger,"Reforger (B) — d'abord l'objet, puis le composant"
journal.reforge,"{nom} reforge {objet} : {composant} — les affixes tiennent"
journal.reforge_refuse,"reforger : il faut Main du métal, la station de l'objet, et un composant du bon slot"
journal.fiole_vive,"{nom} partage la potion avec {n} allié(s)"
ui.sac,"sac : {liste}"
ui.hotbar,"{liste}"
ui.hotbar.lourde,Attaque lourde
ui.hotbar.garde,Garde
ui.hotbar.page,"barre {n}/10 — Ctrl + chiffre pour changer"
journal.hotbar_page,"barre {n}"
ui.hotbar.attendre,Attendre
ui.hotbar.selection,"[{k} {nom}]"
ui.ecran.menu,MENU (Tab / Échap ferme)
ui.menu.inventaire,Inventaire
ui.menu.atelier,Atelier
ui.menu.feuille,Feuille de personnage
ui.menu.carte,Carte du monde
ui.menu.gestion,Territoire
ui.menu.perimetre,Dessiner un périmètre (P)
ui.menu.registre,Registre d'élevage
ui.menu.sauvegarder,Sauvegarder
ui.menu.minimap_zoom,Minimap : zoom
ui.menu.minimap_masquer,Minimap : afficher / masquer
ui.menu.arene,Débogage : arène suivante puis le camp
ui.menu.banc_objets,Débogage : le banc d'objets
ui.menu.recharger,Débogage : recharger les données
ui.menu.fermer,Fermer
ui.ecran.contexte,"OPTIONS — ({x},{y}) (Entrée : choisir · Échap : fermer)"
ui.contexte.aucune,rien à faire ici
option.deplacer,Se déplacer ici
option.parler,Parler
option.attaquer,Attaquer
option.lourde,Attaque lourde
option.prendre,Prendre le contenu
option.dormir,Dormir
option.descendre,Descendre l'escalier
option.remonter,Remonter l'escalier
option.recolter,Récolter la parcelle
option.fertiliser,Fertiliser la parcelle
option.conquerir,Conquérir ce village
option.capturer,Lancer le filet
option.apprivoiser,Apprivoiser
option.creuser,Creuser / récolter
option.demonter,Démonter
option.caisse,Relever la caisse
option.recruter,Recruter
journal.rien_a_interagir,rien avec quoi interagir autour de toi
ui.ecran.reforger,"Reforger (B) — d'abord l'objet, puis le composant"
journal.reforge,"{nom} reforge {objet} : {composant} — les affixes tiennent"
journal.fiole_vive,"{nom} partage la potion avec {n} allié(s)"
talent.ratelier_vivant.name,Râtelier vivant
talent.ratelier_vivant.desc,"Une fois par chaîne, changer d'arme coûte 0 tick."
talent.communion_des_cinq.name,Communion des cinq
talent.communion_des_cinq.desc,"L'élément de son arme tourne seul dans le cycle à chaque coup, contre un peu de mana."
talent.main_du_metal.name,Main du métal
talent.main_du_metal.desc,"Reforger un objet looté sans perdre ses affixes."
talent.meute.name,Meute
talent.meute.desc,"Les coups de ses compagnons posent des segments sur sa jauge de chaîne."
talent.oeil_du_prix.name,Œil du prix
talent.oeil_du_prix.desc,"Voit la bourse réelle des marchands ; +1 place d'escorte."
talent.souffle_rendu.name,Souffle rendu
talent.souffle_rendu.desc,"Ses soins posent un segment de l'élément de la cible ; ses coups d'arme n'en posent aucun."
talent.fiole_vive.name,Fiole vive
talent.fiole_vive.desc,"Ses potions se partagent avec les alliés adjacents, et l'alambic en tire deux."
talent.sans_maitre.name,Sans maître
talent.sans_maitre.desc,"Commence sans talent ; apprend celui d'un PNJ (relation ≥ 75) et peut en changer."
talent.polyvalent.name,Polyvalent
talent.polyvalent.desc,"Porte deux talents de classe : le sien et un appris."
classe.placeholder.name,Aventurier (à définir)
talent.placeholder.name,Talent (à définir)
talent.placeholder.desc,"Une place gardée au chaud. Les vingt-six talents d'avant sont dans la note « Talents et classes — le catalogue mis de côté »."
talent.carapace.name,Carapace
talent.carapace.desc,"Une chitine qui protège partout : +3 d'armure sur toutes les zones, mais −15 d'endurance maximale."
talent.chair_de_mana.name,Chair de mana
talent.chair_de_mana.desc,"La surchauffe coûte de la vigueur ; mana ×1,2 ; vigueur max −20."
talent.oeil_de_la_pierre.name,Œil de la pierre
talent.oeil_de_la_pierre.desc,"Rien n'est irrécoltable (÷ 3 au-dessus du seuil) ; vision −20 % ; sent les filons."
ui.feuille.talents,Talents
ui.feuille.talent,"{nom} — {desc}"
ui.ecran.apprendre,Apprendre son talent (Q)
journal.talent_appris,"{nom} t'enseigne : {talent}"
journal.talent_refuse,"il faut une relation d'au moins 75, et une place pour un talent"
ui.commerce.bourse_cachee,?
journal.swap_gratuit,"{nom} change d'arme sans perdre un tick (Râtelier vivant)"
journal.artefact,"un artefact repose sur la dépouille de {nom}"
journal.objet_fini,"cet objet est fini par nature : ni sertissure ni infusion"
journal.pnj_affame,"{n} résident(s) n'ont rien trouvé au garde-manger (humeur −10)"
ui.gestion.pieces,"pièces valides : {n} ({logees} résidents logés)"
journal.tourelle_tire,"une tourelle touche {nom} : {degats}"
ui.specimen.chatoyant," chatoyant"
journal.chatoyant,"un spécimen chatoyant : {espece} !"
ui.registre.chatoyants," · chatoyants vus {n}"
ui.gestion.commande_chatoyant," CHATOYANT"
ui.royaume.fiche,"peuple : {race} · culture : {culture} · capitale {capitale} · taxes {base_rate} %\ndirigeant : {dirigeant}\nvillages connus : {villages}\ndiplomatie : {diplomatie}"
ui.royaume.dirigeant_inconnu,inconnu (capitale non visitée)
creature.pretre.name,Prêtre
function.pretre.name,Prêtre
ui.ecran.ressusciter,"Ressusciter un compagnon (N) — {cout} or"
ui.ecran.ressusciter_rien,(pas d'âme dans le sac)
journal.resurrection_pretre,"{pretre} rappelle {nom} d'entre les morts ({cout} or)"
quest.livraison.text,"Livrez {objet} à quelqu'un de {destination}."
quest.chantier.text,"Bâtissez {count} structures (meubles, stations ou murs) sur votre territoire."
quest.commande_artisan.text,"Façonnez {count} composants ou objets à l'atelier."
quest.enchantement.text,"Façonnez {count} composants pour les Enchanteurs."
quest.elixirs.text,"Distillez {count} potions à l'Alambic."
quest.banquet.text,"Cuisinez {count} plats pour le banquet de la Confrérie."
quest.negoce.text,"Vendez {count} objets aux marchands du pays."
quest.reconnaissance.text,"Reconnaissez {count} nouveaux secteurs de terrain."
quest.arcanes.text,"Le Cercle veut {count} hostiles de moins entre le monde et ses tours."
journal.livraison,"{nom} remet {objet} : la livraison est faite"
ui.ecran.entrainer,S'entraîner (U)
ui.entrainer.titre,"ENTRAÎNEMENT avec {nom} — 20 or × niveau, +10 de potentiel (tu as {or} or)"
ui.entrainer.competence,"{nom} — niveau {niveau} · potentiel {potentiel} · {cout} or"
ui.entrainer.aucune,rien à entraîner ici
journal.entraine,"{nom} entraîne {competence} : potentiel {potentiel} (−{cout} or)"
journal.entraine_refuse,pas assez d'or pour cet entraînement
journal.entraine_plafond,le potentiel est déjà au plafond
ui.gestion.commande,"commande : {espece} couleur {couleur} motif {motif}{chatoyant} — {or} or (livrer à un marchand)"
ui.gestion.commande_aucune,commande : aucune (le registre est vide)
ui.ecran.livrer,Livrer la commande (Z)
journal.commande,"un collectionneur demande : {espece} couleur {couleur} motif {motif}{chatoyant} — {or} or"
journal.commande_livree,"commande livrée : {or} or"
journal.commande_manque,tu n'as pas le spécimen demandé
journal.commande_bourse,le marchand n'a pas l'or de la commande
ui.carte.survol,"({x},{y}) · {biome} · danger {danger}"
ui.carte.survol_region," · {region}, {continent}"
ui.carte.survol_gouffre,"  ·  LE GOUFFRE — sans fond, libre d’accès ; un étage vidé le reste"
ui.carte.survol_derive," · dérive {d}"
ui.carte.survol_lieu," · lieu : {a} {pa} % · {b} {pb} %"
ui.carte.survol_royaume," · {nom}{capitale} — {gouv}, {taille}, {n} cellules · {etat}"
ui.carte.capitale," (capitale)"
ui.carte.vacance,trône vacant
ui.carte.mer,mer
ui.atelier.ingredient,"      {coche} {nom} — ingrédient optionnel (Entrée : basculer)"
ui.recette.optionnel," (optionnel)"
ui.recette.harmonie,"Vecteur prévu : {vecteur} — harmonie {harmonie}"
ui.recette.harmonie_oui,"×1,2 : les cinq éléments"
ui.recette.harmonie_non,"aucune ({n}/5 éléments)"
journal.naissance,"{village} : {nom} met au monde un enfant"
journal.vacance_guilde,"le hall de la {guilde} n'a plus de maître"
journal.succession_guilde,"{nom} devient maître de la {guilde}"
journal.succession_heritier,"{royaume} : {nom}, héritier, monte sur le trône"
ui.dialogue.titre," — {titre}"
ui.dialogue.famille,"famille : {texte}"
famille.conjoint,conjoint(e) de {nom}
famille.enfant,enfant de {nom}
famille.parent,parent de {n} enfant(s)
ui.ecran.registre,"REGISTRE — {n} variétés · {especes}/{total} espèces · paliers : {paliers}"
ui.registre.espece,"{nom} — {mode} · {n}/{possibles} variétés{records}"
ui.registre.aucun,aucune espèce au registre — capture (Y) ou couvée
ui.registre.grille_ligne,"couleur {c} : motifs {motifs}"
ui.registre.variete,"  variété : {v}"
ui.registre.sequence,"  rythme : {s}"
ui.registre.record," · record {locus} {v}"
ui.registre.paliers_aucun,aucun
palier.potentiel,+10 de potentiel en Élevage
palier.eclosion,éclosions plus rapides
palier.potentiel_vie,+10 de potentiel sur la branche Vie
palier.commande_mult,les collectionneurs paient double
palier.commande_pct,commandes mieux payées
palier.capture,captures +{n}
palier.couvees,couvées +{n}
palier.bestiaire,bestiaire complet
ui.ecran.planter,Planter (H) — sur une tuile libre voisine d'une cellule Champs
journal.harmonie,"assiette harmonieuse : les cinq éléments (×1,2)"
ui.objet.harmonie," · harmonie ×{n}"
species.chat.name,Chat des ruelles
species.coquillage.name,Coquillage nacré
recipe.filer_soie.name,Filer la soie (tue la chrysalide)
species.serpent.name,Serpent des dunes
species.ver_a_soie.name,Ver à soie
species.luciole.name,Luciole des haies
species.poisson_de_bassin.name,Truite d'étang
meuble.bassin.name,Bassin
raison.colonie,"il faut {n} spécimens dans l'habitat"
species.ruche.name,Ruche
species.tortue.name,Tortue des marais
species.phalene.name,Phalène du bouleau
meuble.terrarium.name,Terrarium
meuble.clayette.name,Clayette à vers
meuble.rucher.name,Rucher
meuble.etai.name,Étai
meuble.enclos.name,Enclos
item.miel.name,Miel
journal.production_colonie,"{espece} : {n} {item} au stock"
journal.capture_appat,il faut un appât dans le sac ({appat})
journal.capture_nuit,ce piège ne prend que la nuit
species.carpe.name,Carpe de bassin
meuble.vivarium.name,Vivarium
item.specimen.name,Spécimen
saison.printemps,printemps
saison.ete,été
saison.fin_ete,fin d'été
saison.automne,automne
saison.hiver,hiver
journal.capture_reussie,"{nom} capture {espece} (couleur {couleur}, motif {motif})"
journal.capture_ratee,"le filet remonte vide ({jet} contre {dd})"
journal.capture_rien,pas d'eau à portée du filet
journal.couvee,"{espece} : une couvée de {n} (couleur {couleur}, motif {motif})"
journal.couvee_refusee,"{espece} : pas de couvée — {raison}"
raison.habitat,il faut un {v}
raison.place,plus de place
raison.temperature,"{temp} °C, il en faut entre {min} et {max}"
raison.saison,pas la saison
raison.sexe,il faut un mâle et une femelle
raison.age,trop jeunes
raison.stat,{k} insuffisante
raison.ressource,il faut {n} {k}
raison.espece,espèces différentes
ui.gestion.elevage,"élevage : {n} variétés au registre ({especes})"
ui.ecran.capturer,Filet (Y) — capturer sur une tuile d'eau voisine
guilde.chasseurs.name,Guilde des Chasseurs
guilde.mages.name,Cercle des Mages
guilde.enchanteurs.name,Guilde des Enchanteurs
guilde.transporteurs.name,Guilde des Transporteurs
guilde.batisseurs.name,Guilde des Bâtisseurs
guilde.prospecteurs.name,Guilde des Prospecteurs
guilde.artisans.name,Guilde des Artisans
guilde.alchimistes.name,Guilde des Alchimistes
guilde.marchands.name,Guilde des Marchands
guilde.eclaireurs.name,Guilde des Éclaireurs
guilde.cuisiniers.name,Confrérie des Cuisiniers
boutique.forgeron.name,Forgeron
boutique.armurier.name,Armurier
boutique.alchimiste.name,Alchimiste
boutique.epicier.name,Épicier
boutique.tailleur.name,Tailleur
boutique.herboriste.name,Herboriste
function.maitre_de_guilde.name,Maître de guilde
creature.maitre_de_guilde.name,Maître de guilde
meuble.hall_de_guilde.name,Hall de guilde
quest.traque.text,Traquer {count} bêtes pour la Guilde des Chasseurs
quest.purge.text,Purger le donjon voisin pour les Prospecteurs
journal.hall_pose,"un hall de la {guilde} : son maître s'installe"
journal.hall_refuse,il faut le rang Adepte dans une guilde pour bâtir un hall
journal.hall_demonte,"le maître de la {guilde} s'en va"
ui.dialogue.boutique," — {boutique}"
ui.dialogue.guilde," — {guilde}"
item.oeil.name,Œil
item.potion_perception.name,Potion de perception
status.potion_perception.name,Potion de perception
status.potion_perception_forte.name,Potion de perception forte
item.peau.name,Peau
item.potion_endurance.name,Potion de vigueur
status.potion_endurance.name,Potion de vigueur
status.potion_endurance_forte.name,Potion de vigueur forte
item.griffe.name,Griffe
item.potion_force.name,Potion de force
status.potion_force.name,Potion de force
status.potion_force_forte.name,Potion de force forte
item.dent.name,Dent
item.potion_dexterite.name,Potion de dextérité
status.potion_dexterite.name,Potion de dextérité
status.potion_dexterite_forte.name,Potion de dextérité forte
item.os.name,Os
item.potion_volonte.name,Potion de volonté
status.potion_volonte.name,Potion de volonté
status.potion_volonte_forte.name,Potion de volonté forte
ui.ecran.conquerir,Conquérir ce village
journal.conquete_gardes,"les gardes tiennent encore ({gardes} contre {seuil}) — affaiblis-les d'abord"
journal.conquete_reussie,"{village} passe sous ta bannière ({jet} contre DD {dd})"
journal.conquete_echec,"{village} te repousse ({jet} contre DD {dd}) : ses défenses se renforcent"
journal.conquete_liberation,"{royaume} : libération saluée (+{n})"
journal.conquete_agression,"{royaume} : agression ({n})"
journal.village_rendu,"{village} retourne à {royaume}"
journal.vacance,"{royaume} : le trône est vacant"
journal.succession,"{royaume} : {nom} prend la tête du royaume"
journal.vacance_prolongee,"{royaume} : personne pour reprendre le trône"
journal.repeuplement,"{village} : un nouvel habitant s'installe"
journal.village_abandonne,"{village} est abandonné"
function.dirigeant.name,Dirigeant
ui.gestion.voisin,"{nom} ({gouv}, {n} cellules) — réputation {rep} · relation {rel} · accord : {accord}"
ui.gestion.voisin_aide,Choisir : proposer l'accord suivant (commercial ≥ 20 · non-agression ≥ 40 · alliance ≥ 60 · tribut)
accord.aucun,aucun
accord.commercial,accord commercial
accord.non_agression,non-agression
accord.alliance,alliance défensive
accord.tribut_paie,tribut versé
accord.tribut_recoit,tribut reçu
relation.hostile,hostile
relation.tension,tension
relation.neutre,neutre
relation.cordial,cordial
relation.allie,allié
journal.accord,"{nom} accepte : {accord}"
journal.accord_refuse,"{nom} refuse : {accord} (réputation insuffisante ou régime incompatible)"
journal.tribut,"tribut : {n} or ({sens})"
tribut.verse,versé
tribut.recu,reçu
journal.infraction,"{royaume} : {loi} — {consequence} {detail}"
loi.meurtre,meurtre
loi.vol,vol
loi.objet,"objet interdit ({objet})"
consequence.amende,amende
consequence.confiscation,confiscation
consequence.gardes_hostiles,les gardes te traquent
journal.infraction_ignoree,personne n'a rien vu
journal.douane,"douane : {pct} % sur {objet}"
journal.douane_interdit,"{objet} est interdit ici"
journal.raid_royaume,"les troupes de {nom} sont derrière ce raid"
ui.carte.royaume,"{nom} — {gouv}, {n} cellules"
kingdom.taille.hameau,hameau-État
kingdom.taille.cite,cité-État
kingdom.taille.petit,petit royaume
kingdom.taille.grand,grand royaume
government.monarchie_hereditaire.name,Monarchie héréditaire
government.republique_elue.name,République élue
government.theocratie.name,Théocratie
government.ploutocratie.name,Ploutocratie
government.dictature_militaire.name,Dictature militaire
government.anarchie.name,Anarchie
ai_profile.assaillant.name,Assaillant
meuble.tourelle.name,Tourelle
ui.gestion.royaume,"{statut} · gouvernance : {gouv}{transition} · défense {defense} · valeur {valeur} · dernier raid : {raid}"
ui.gestion.campement,campement
ui.gestion.royaume_statut,royaume
ui.gestion.transition," (→ {cible} dans {n} sem.)"
ui.gestion.aucun_raid,aucun
ui.gestion.raid,"force {force} vs défense {defense} — {issue} (pertes {perte} %)"
ui.gestion.victoire,repoussé
ui.gestion.defaite,subi
ui.gestion.gouv_aide,"G : changer de gouvernance (4 semaines de transition, −10 d'humeur)"
journal.royaume_fonde,"ton territoire est reconnu comme un royaume — gouvernance : {gouv}"
journal.gouvernance,"transition vers {gouv} : 4 semaines, la population grogne (−10)"
journal.gouvernance_faite,"le régime est désormais : {gouv}"
journal.gouvernance_refuse,"il faut un royaume (8 cellules, 5 résidents) pour changer de régime"
journal.raid_commence,"RAID ! {n} assaillants approchent du camp (force {force})"
journal.raid_abstrait,"un raid a frappé le territoire en ton absence : force {force} contre défense {defense} — {issue}"
journal.raid_fin,"le raid est terminé : {issue} ({morts}/{n} assaillants tombés)"
journal.raid_pertes,"pertes : {perte} % des stocks et de la caisse, {structures} structure(s) détruite(s)"
journal.raid_mineur,dégâts mineurs : quelques stocks piétinés
journal.raid_reveil,des cris te réveillent : le camp est attaqué
plant.ble.name,Blé
plant.framboisier.name,Framboisier
item.framboisier.name,Framboisier
plant.myrtillier.name,Myrtillier
item.myrtillier.name,Myrtillier
plant.vigne.name,Vigne
item.vigne.name,Vigne
plant.houblon.name,Houblon
item.houblon.name,Houblon
plant.camomille.name,Camomille
item.camomille.name,Camomille
plant.menthe.name,Menthe
item.menthe.name,Menthe
plant.sauge.name,Sauge
item.sauge.name,Sauge
plant.achillee.name,Achillée
item.achillee.name,Achillée
plant.ortie.name,Ortie
item.ortie.name,Ortie
plant.belladone.name,Belladone
item.belladone.name,Belladone
plant.champignon_des_pres.name,Champignon des prés
item.champignon_des_pres.name,Champignon des prés
plant.amanite.name,Amanite
item.amanite.name,Amanite
plant.fleurs_sauvages.name,Fleurs sauvages
item.fleurs_sauvages.name,Fleurs sauvages
plant.roseau.name,Roseau
item.roseau.name,Roseau
item.potion_soin.name,Potion de soin
item.potion_mana.name,Potion de mana
item.potion_charisme.name,Potion de charisme
status.potion_charisme.name,Potion de charisme
status.potion_charisme_forte.name,Potion de charisme (forte)
item.ble.name,Blé
plant.orge.name,Orge
item.orge.name,Orge
plant.carotte.name,Carotte
item.carotte.name,Carotte
plant.pomme_de_terre.name,Pomme de terre
item.pomme_de_terre.name,Pomme de terre
plant.chou.name,Chou
item.chou.name,Chou
plant.oignon.name,Oignon
item.oignon.name,Oignon
plant.citrouille.name,Citrouille
item.citrouille.name,Citrouille
plant.tomate.name,Tomate
item.tomate.name,Tomate
tile_content.culture.name,Parcelle
tile_content.culture_mure.name,Parcelle mûre
ui.gestion.boutique,"boutique : caisse {caisse} or · marge ×{marge} (+/−) · {etals} étal(s) · clients en attente {clients}"
ui.gestion.parcelles,"parcelles : {n} ({mures} mûres)"
journal.plante,"{nom} plante {plante}"
journal.planter_refuse,planter : il faut une tuile libre voisine dans une cellule Champs
journal.culture_mure,"une parcelle de {plante} est mûre"
journal.culture_pas_mure,la parcelle n'est pas mûre
journal.recolte_culture,"{nom} récolte {plante} ×{n}"
journal.fertilise,"parcelle fertilisée ({fertilite})"
journal.vente_boutique,"la boutique vend {objet} pour {n} or"
journal.caisse,"{nom} relève la caisse : {n} or"
journal.rapport_absence,"pendant ton absence : {ventes} ventes pour {or} or · {mures} parcelles mûries"
journal.troc,"{nom} est à sec : troc contre {objet}"
journal.marge,"marge de la boutique : ×{marge}"
function.mineur.name,Mineur
function.bucheron.name,Bûcheron
function.herboriste.name,Herboriste
ui.ecran.gestion,"TERRITOIRE — {n} cellules · {pnj} résidents · trésor {tresor} or · dette {dette} · prévisionnel {prev} or/semaine"
ui.gestion.cellule,"cellule ({x},{y}) — {role}{camp}"
ui.gestion.camp," · camp"
ui.gestion.resident,"{nom} — {fonction}{betail} · humeur {humeur} · {logement}"
ui.gestion.resident_detail,"rendement ×{facteur} · {poste}"
ui.gestion.poste_perimetre,"poste : {type} ({x},{y})"
ui.gestion.poste_cellule,"poste : cellule ({x},{y})"
ui.gestion.prod_rien,ne produit rien cette semaine
ui.gestion.prod_or,"production : {n} or par semaine"
ui.gestion.prod_matiere,"production : {nom} ×{n} par semaine"
ui.gestion.stock,"stock : {nom} ×{n}"
ui.gestion.rapport,{texte}
ui.gestion.role_aide,"Choisir : changer de rôle (base → habitation → champs → ressources naturelles ; ressources naturelles efface les constructions au passage de la semaine)"
ui.gestion.resident_aide,"Entrée : réassigner (choisir sa fonction) · Suppr : renvoyer"
ui.gestion.stock_aide,Choisir : retirer le stock dans ton sac
ui.ecran.deposer,Déposer 50 or (D)
ui.ecran.retirer,Retirer 50 or (W)
ui.ecran.assigner,Assigner ici (X)
ui.assigner.titre,"ASSIGNER {nom} — choisis sa fonction"
ui.assigner.fonction,"{fonction} · produit : {produit} · rendement de base {rendement}"
ui.assigner.rien,rien
ui.assigner.or_unite,"{n} or par unité"
role.base,base
role.habitation,habitation
role.champs,champs
role.ressources,ressources naturelles
journal.claim,"cellule ({x},{y}) revendiquée pour {or} or ({n} cellules)"
journal.claim_refuse,"impossible de revendiquer : non contiguë, inexplorée, en mer, occupée par un donjon ou un village"
journal.claim_or,pas assez d'or pour revendiquer ({or} or)
journal.role,"cellule ({x},{y}) : rôle {role}"
journal.assigne,"{nom} est assigné : {fonction}"
journal.station_refusee,pas de station lourde sur un champ
journal.desassigne,"{nom} n'est plus assigné"
journal.rapport_semaine,"rapport de la semaine : production {prod} · entretien {entretien} or · trésor {tresor} or · dette {dette} or"
journal.dette_palier,"dette d'entretien : {texte}"
dette.humeur,humeur −5
dette.productivite,productivité −25 %
dette.depart,{nom} a quitté le territoire
journal.depot,"{n} or déposés (trésor {tresor})"
journal.retrait,"{n} or retirés (trésor {tresor})"
journal.tresor_vide,le trésor est vide
journal.stock_retire,"{nom} ×{n} retirés du stock"
journal.taxe_guilde,"taxe de guilde : {n} or"
journal.royaume,"8 cellules et 5 résidents : ton campement est désormais un royaume aux yeux du monde"
item.ame.name,Âme d'un compagnon
status.affaibli.name,Affaibli
ui.ecran.recruter,Recruter (R)
ui.ecran.suiveur,Suis-moi sur le territoire (W)
ui.ecran.suiveur_stop,Reste à ton poste (W)
journal.suiveur_local,"{nom} te suivra sur le territoire"
journal.suiveur_fin,"{nom} ne quitte pas le territoire et rentre à son poste"
ui.ecran.suivre,Suis-moi (S)
ui.ecran.attendre,Attends ici (A)
ui.dialogue.compagnon,"compagnon · ordre : {ordre}"
ordre.suivre,suis-moi
ordre.attendre,attends ici
ui.ecran.posture,Posture : {posture} (F)
ui.ecran.retour,Retourne à la base (B)
ui.ecran.echanger,Échanger l'équipement (K)
ui.echange.titre,"Échange avec {nom}"
ui.echange.donner,"— ton sac (Entrée : donner) —"
ui.echange.reprendre,"— {nom} (Entrée : reprendre) —"
journal.echange_donne,"{nom} reçoit {objet}"
journal.echange_reprend,"{nom} rend {objet}"
journal.retour_impossible,il faut être dans la cellule du camp pour renvoyer quelqu'un à la base
ordre.agressive,posture agressive
ordre.defensive,posture défensive
ordre.eviter,évite les combats
ordre.retour,retourne à la base
ordre.repli,repli !
ui.ecran.repli,Repli ! (Y)
option.designer,Désigner aux compagnons
journal.cible_designee,"{nom} désigne {cible} à ses compagnons"
posture.agressive,agressive
posture.defensive,défensive
posture.eviter,évite
journal.recrute,"{nom} rejoint l'équipe ({places} places d'escorte)"
journal.pas_de_place,plus de place dans l'escorte
journal.pas_recrutable,{nom} ne te suivra pas (relation insuffisante)
journal.ordre,"{nom} : {ordre}"
journal.apprivoise,"{nom} est apprivoisé ! (jet {jet} ≥ {dd})"
journal.apprivoisement_rate,"{nom} résiste (jet {jet} < {dd})"
journal.deja_tente,{nom} : déjà tenté aujourd'hui
journal.pas_de_bete,il faut une bête adjacente à apprivoiser
journal.compagnon_mort,"{nom} est mort — son âme est dans ton sac ; un autel domestique peut le rappeler"
journal.ressuscite,"{nom} revient à la vie, affaibli ({or} or)"
journal.pas_d_autel,il faut un autel domestique adjacent et l'âme dans le sac
journal.mort_vieillesse,{nom} s'est éteint de vieillesse
ui.fiche.age,"{genre} · {age} ans ({categorie}) · signe {signe} · niveau ≈ {niveau}"
age.jeune,jeune
age.adulte,adulte
age.age,âgé
quest.chasse_prime.text,"Éliminez {count} brigands ou bêtes hostiles aux alentours."
quest.chasse_bete.text,"Abattez {count} bêtes qui rôdent autour du village."
quest.donjon.text,"Videz le donjon voisin : vainquez ce qui y règne."
rang.novice,Novice
rang.compagnon,Compagnon
rang.adepte,Adepte
rang.expert,Expert
rang.maitre,Maître
guilde.guerriers.name,Guilde des Guerriers
ui.ecran.quetes,Quêtes (Q)
ui.quetes.titre,"QUÊTES — {nom} · {guilde} : {rang} ({xp} XP)"
ui.quetes.offerte,[offerte] {texte}
ui.quetes.en_cours,"[{fait}/{count}] {texte}"
ui.quetes.terminee,[à rendre] {texte}
ui.quetes.aucune,  (rien à proposer cette semaine)
ui.quetes.refus,  (il ne vous confie rien : réputation trop basse)
ui.ecran.accepter,Accepter (Entrée)
ui.ecran.rendre,Rendre (Entrée)
ui.quetes.recompense,"récompense : {or} or · {xp} XP de guilde"
journal.quete_acceptee,"quête acceptée : {texte}"
journal.quete_progres,"quête : {fait}/{count}"
journal.quete_rendue,"quête rendue : +{or} or, +{xp} XP ({guilde})"
journal.rang_guilde,"{guilde} : tu es maintenant {rang}"
faction.gardiens_des_bois.name,Gardiens des bois
faction.compagnies_de_metier.name,Compagnies de métier
faction.gens_d_armes.name,Gens d'armes
faction.petit_peuple.name,Petit peuple
faction.cercle_du_soufre.name,Cercle du soufre
journal.reputation,"{nom} : relation {pnj} · {village} : {rep}"
journal.rumeur,"{nom} te confie une rumeur : quelque chose en ({x},{y})"
journal.hostile_a_vue,{nom} te traite en ennemi
ui.fiche.apparence,Un inconnu. On ne sait rien de lui.
ui.fiche.base,"{nom} · {fonction} · {village}"
ui.fiche.competences,compétences : {liste} · équipement : {equip}
ui.fiche.gouts,aime : {tags}
ui.fiche.tout,historique complet · recrutable
genre.m,homme
genre.f,femme
creature.cerf.name,Cerf
creature.renard.name,Renard
ai_profile.proie.name,Proie
function.oisif.name,Villageois
function.fermier.name,Fermier
function.artisan.name,Artisan
function.eleveur.name,Éleveur
function.cuisinier.name,Cuisinier
function.couturier.name,Couturier
function.transporteur.name,Transporteur
function.commercant.name,Commerçant
function.garde.name,Garde
function.dirigeant.name,Dirigeant
function.aventurier.name,Aventurier
creature.villageois.name,Villageois
creature.etranger.name,Étranger
creature.fermier.name,Fermier
creature.forgeron.name,Forgeron
creature.marchand.name,Marchand
creature.garde_village.name,Garde de village
ai_profile.civil.name,Civil
ai_profile.garde.name,Garde
dialogue.salut.text,"Bonjour, voyageur. Le temps est calme par ici."
dialogue.meteo_pluie.text,"Cette pluie n'en finit pas… restez au sec."
dialogue.meteo_orage.text,"Un orage pareil, on ferme les volets."
dialogue.meteo_neige.text,"La neige tient. Couvrez-vous."
dialogue.nuit.text,"Vous marchez de nuit ? Les loups aussi."
dialogue.aube.text,"Le jour se lève à peine. Tôt levé, comme moi."
dialogue.soir.text,"La journée a été longue. Le repas m'attend."
dialogue.donjon.text,"On dit que la ruine, là-bas, n'a jamais été vidée."
dialogue.inconnu.text,"Je ne vous connais pas. Restez à distance."
dialogue.connaissance.text,"Ah, c'est vous. Que puis-je pour vous ?"
dialogue.ami.text,"Mon ami ! Asseyez-vous, racontez-moi vos voyages."
dialogue.rumeur.text,"Un colporteur parlait d'un filon plus au nord… enfin, ce sont des rumeurs."
dialogue.faim.text,"Vous avez l'air affamé. Le marchand vend du pain."
dialogue.village.text,"Petit hameau, mais on y vit bien."
dialogue.corruption.text,"Les nuits sont de plus en plus mauvaises par ici."
dialogue.travail.text,"Le travail ne manque pas. Il manque des bras."
dialogue.marchand_1.text,"Regardez ma marchandise, tout est de qualité."
dialogue.marchand_2.text,"J'achète aussi, si vous avez quelque chose à vendre."
dialogue.marchand_3.text,"Les prix montent avec le danger, ce n'est pas moi qui les fais."
dialogue.forgeron_1.text,"La forge chauffe depuis l'aube."
dialogue.forgeron_2.text,"Du bon fer, c'est tout ce que je demande."
dialogue.forgeron_3.text,"Un manche en frêne, rien ne vaut ça."
dialogue.garde_1.text,"Circulez. Pas d'ennuis ici."
dialogue.garde_2.text,"Les bandits rôdent au-delà des champs. Je veille."
dialogue.garde_3.text,"La nuit, restez près des feux."
dialogue.fermier_1.text,"La terre est bonne cette année."
dialogue.fermier_2.text,"Un sanglier a encore retourné mon champ."
dialogue.fermier_3.text,"Il faudrait de la pluie."
ui.or,or {n}
ui.ecran.dialogue,"{nom} — {fonction}"
ui.ecran.parler,Parler (P)
ui.ecran.commercer,Commercer (C)
ui.ecran.partir,Partir (Échap)
ui.dialogue.relation,relation {n}
ui.ecran.commerce,"COMMERCE — {nom} · sa bourse : {or} or · la tienne : {joueur} or"
ui.ecran.acheter,Acheter (Entrée)
ui.ecran.vendre,Vendre (Entrée)
ui.commerce.stock,— À VENDRE —
ui.commerce.sac,— TON SAC (il achète à {pct} %) —
ui.commerce.detail_achat,"Il en demande {prix} or — tu as {or} or"
ui.commerce.detail_vente,"Il te donnerait {prix} or"
ui.prix.detail,"prix suggéré {prix} or = matériaux {base} × marge {marge} × qualité {qualite} × rareté {rarete} × réputation {rep}"
ui.prix.achat,il t'en donne {n} or
ui.prix.vente,il le vend {n} or
journal.parle,"{nom} : « {texte} »"
journal.relation,"{nom} t'apprécie un peu plus (relation {n})"
journal.achete,"{nom} achète {objet} pour {n} or"
journal.vend,"{nom} vend {objet} pour {n} or"
journal.pas_assez_or,pas assez d'or
journal.marchand_a_sec,{nom} n'a plus d'or pour acheter
journal.village,"un hameau : {nom}"
ui.village,{nom}
weather.clair.name,Ciel clair
weather.nuageux.name,Nuageux
weather.brouillard.name,Brouillard
weather.pluie.name,Pluie
weather.orage.name,Orage
weather.neige.name,Neige
weather.vent_fort.name,Vent fort
weather.tempete.name,Tempête
weather.blizzard.name,Blizzard
weather.canicule.name,Canicule
ui.heure,"{heure} h · {phase} · {saison} · {meteo} · {temp} °C{confort}"
ui.lieu,"lieu : {a} {pa} % · {b} {pb} %"
ui.atelier.niveau_recette,(niveau {n})
ui.raid,"RAID : {n} assaillant(s) · le plus proche à {dist} tuiles · {ticks} ticks avant leur retrait"
phase.aube,aube
phase.jour,jour
phase.crepuscule,crépuscule
phase.nuit,nuit
ui.confort.froid," · FROID"
ui.confort.chaud," · CHALEUR"
journal.meteo,"le temps change : {meteo}"
journal.meteo_annonce,"le ciel annonce pour demain : {meteo}"
journal.froid,{nom} souffre du froid
journal.chaud,{nom} souffre de la chaleur
journal.dort_nuit,"{nom} dort jusqu'à l'aube"
journal.semaine,"une semaine passe : la corruption dérive ({n} cellules)"
journal.donjon_nettoye,"le donjon est nettoyé : il restera ouvert un jour et demi"
journal.donjon_disparu,"l'entrée du donjon s'est effondrée en ({x},{y})"
journal.donjon_reapparu,"un donjon est réapparu en ({x},{y})"
ui.carte.titre,"=== CARTE DU MONDE — flèches : marcher de cellule en cellule · Maj + flèches : faire défiler · clic : marcher jusqu'à cette cellule, ou revendiquer une voisine · clic droit : faire glisser · Échap : fermer"
ui.carte.depart,=== CHOISIS TA CASE DE DÉPART — clic sur une cellule de terre (couleur : biome · orange/rouge : danger · carré doré : donjon · anneau noir : le gouffre) ===
ui.carte.legende,"trait ocre : route · vert cerclé : ton camp · bleu cerclé : ici · carré doré : donjon · anneau noir : le gouffre · point clair : filon majeur · sombre : jamais explorée"
journal.voyage,"{nom} voyage jusqu'en ({x},{y}) : {ticks} ticks"
journal.voyage_impossible,voyage impossible : cellule inexplorée ou en mer
journal.depart_choisi,"le camp est établi en ({x},{y}) — {biome}"
journal.sauvegarde,partie sauvegardée ({nom})
journal.sauvegarde_impossible,on ne sauvegarde qu'en surface (au camp ou à pied)
journal.chargement,partie chargée
journal.pas_de_sauvegarde,aucune sauvegarde
biome.desert_de_cendres.name,Désert de cendres
biome.toundra.name,Toundra
biome.taiga.name,Taïga
biome.marecage.name,Marécage
biome.marecage_corrompu.name,Marécage corrompu
biome.montagne.name,Montagne
item.proto_faucille.name,Faucille de fer
functionality.faucille.name,Faucille
biome.plaine_temperee.name,Plaine tempérée
biome.foret_temperee.name,Forêt tempérée
biome.desert_aride.name,Désert aride
biome.cote_plage.name,Côte
ui.camp,"CAMP DE BASE · {biome}"
item.pain.name,Pain
item.ragout.name,Ragoût
item.viande_grillee.name,Viande grillée
item.viande_crue.name,Viande crue
item.poisson_grille.name,Poisson grillé
item.baies.name,Baies
item.champignon_bleu.name,Champignon bleu
item.fruit_de_mana.name,Fruit de mana
item.ration_de_voyage.name,Ration de voyage
item.ration_moisie.name,Ration moisie
item.fiole_de_soin.name,Fiole de soin
item.grande_fiole_de_soin.name,Grande fiole de soin
item.essence_de_mana.name,Essence de mana
item.antidote.name,Antidote
item.bandage.name,Bandage
item.elixir_de_hate.name,Élixir de hâte
item.huile_d_arme.name,Huile d'arme
item.torche.name,Torche
recipe.plat_viande_grillee.name,Griller la viande
recipe.plat_ragout.name,Mijoter un ragoût
recipe.plat_ration_de_voyage.name,Préparer des rations
ui.faim,faim {faim}/100
ui.poids,"poids {poids}/{capacite}{surcharge}"
ui.poids.surcharge," · SURCHARGE ×{facteur}"
ui.ecran.manger,Manger (G)
journal.mange,"{nom} mange {objet} : faim {faim}/100{extra}"
journal.pas_comestible,ce n'est pas comestible
journal.potentiel_plat,"{nom} : +{n} de potentiel en {stat} (le plat)"
journal.affame,{nom} est affamé : la faim ronge la santé
journal.faim_stats,{nom} a faim : −10 % à toutes les stats
ui.objet.consommable,"consommable : nutrition {nutrition} · soin {soin} · mana {mana} · {statut} · potentiel {potentiel}{cru}"
ui.objet.consommable.cru," · cru (50 %, sans potentiel, risque)"
ui.objet.poids,poids {poids}
journal.huile,{nom} huile son arme : +1d4 feu au prochain combat
journal.purge,{nom} est soigné de : {statut}
meuble.lit.name,Lit
meuble.lit_de_paille.name,Lit de paille
meuble.source_maudite.name,Source maudite
meuble.autel_rituel.name,Autel du rituel
option.boire_source,Boire à la source
option.rituel,Accomplir le rituel
journal.source_bue,"{nom} boit à la source maudite — l'eau a un goût de fer"
journal.rituel_accompli,"{nom} accomplit le rituel ; l'autel se brise"
journal.deja_maudit,ce corps porte déjà sa malédiction
meuble.table.name,Table
meuble.chaise.name,Chaise
meuble.coffre.name,Coffre
meuble.grand_coffre.name,Grand coffre
meuble.garde_manger.name,Garde-manger
meuble.etal_de_vente.name,Étal de vente
meuble.torchere.name,Torchère
meuble.lanterne_de_cristal.name,Lanterne de cristal
meuble.cheminee.name,Cheminée
meuble.bibliotheque.name,Bibliothèque
meuble.ratelier_d_armes.name,Râtelier d'armes
meuble.tapis.name,Tapis
meuble.trophee.name,Trophée
meuble.autel_domestique.name,Autel domestique
meuble.statue.name,Statue
item.proto_hache.name,Hache de fer
functionality.hache.name,Hache
tile_content.arbre.name,Arbre
tile_content.mur_construit.name,Mur construit
tile_content.porte.name,Porte
tile_content.meuble.name,Meuble
tile_content.station_fixe.name,Station
tile_content.entree_donjon.name,Entrée du donjon
journal.pose,"{nom} pose {objet}"
journal.demonte,"{nom} démonte {objet}"
journal.rien_a_poser,rien à poser ici (tuile occupée ou hors du camp)
journal.pas_de_materiau_mur,il faut une pierre taillée / une planche / une brique pour un mur
journal.range,"{nom} range {objet} dans le coffre"
journal.coffre_plein,le coffre est plein
journal.prend,{nom} vide le coffre ({n} objets)
journal.dort,"{nom} dort {heures} h : reposé (+{potentiel} de potentiel à : {liste})"
journal.pas_de_lit,il faut un lit adjacent pour dormir
journal.hostile_en_vue,impossible de dormir : un hostile est en vue
journal.retour_camp,retour au camp
journal.expedition_depart,une nouvelle expédition commence
ui.ecran.poser,Poser (P)
ui.ecran.mur,Mur (M)
ui.ecran.porte,Porte (O)
ui.ecran.ranger,Ranger (R)
ui.objet.meuble,"meuble : {type} · {details}"
ui.objet.meuble.lit,on peut y dormir
ui.objet.meuble.slots,{n} emplacements
ui.objet.meuble.lumiere,luminosité {n}
statut.repose,Reposé
slot.main_principale,Main principale
slot.main_secondaire,Main secondaire
slot.casque,Casque
slot.cuirasse,Cuirasse
slot.jambieres,Jambières
slot.anneau_1,Anneau (1)
slot.anneau_2,Anneau (2)
slot.anneau,Anneau
slot.amulette,Amulette
slot.carquois,Carquois
slot.arme,Arme
slot.sertissure,Sertissure
type.arme,arme
type.armure,armure
type.bouclier,bouclier
type.outil,outil
type.consommable,consommable
type.munition,munition
type.bijou,bijou
type.gemme,gemme
type.grimoire,grimoire
type.manuel,manuel
type.parchemin,parchemin
type.materiau,matériau
type.station,station portative
type.composant,composant
degats.contondant,contondant
degats.perforant,perforant
degats.tranchant,tranchant
zone.mains,mains
categorie.bois,bois
categorie.metal,métal
categorie.roche,roche
categorie.mineral,minéral
categorie.fossile,fossile
categorie.gemme,gemme
categorie.terre,terre
categorie.vegetal,végétal et fibre
categorie.liquide,liquide
categorie.meteorologique,météorologique
categorie.synthetique,synthétique
famille.bois,bois (planche)
famille.lingot_metal,lingot de métal
famille.roche_taillee,roche taillée
famille.silex,silex taillé
famille.os,os
famille.os_massif,os massif
famille.dent_croc,dent ou croc
famille.ecaille,écaille
famille.ivoire,ivoire
famille.obsidienne,obsidienne taillée
famille.verre,verre
famille.granit_noir,granit noir taillé
famille.meteorite,météorite (lingot)
famille.or_argent,or ou argent (lingot)
famille.or,or (lingot)
famille.plomb,plomb (lingot)
famille.tungstene,tungstène (lingot)
famille.cuir,cuir
famille.fibre,"fibre (lin, chanvre, coton)"
famille.tissu,tissu
famille.laine,laine
famille.fourrure,fourrure
famille.soie,soie
famille.seve,sève
mstat.durete,dureté
mstat.densite,densité
mstat.valeur_base,valeur
mstat.conductivite_mana,cond. mana
mstat.flammabilite,flammabilité
mstat.isolation,isolation
mstat.conductivite_electrique,cond. électrique
mstat.flottabilite,flottabilité
mstat.luminosite,luminosité
mstat.fertilite,fertilité
mstat.transparence,transparence
mstat.elasticite,élasticité
mstat.friction,friction
slotc.tete,tête
slotc.manche,manche
slotc.fixations,fixations
slotc.plaque,plaque
slotc.sangles,sangles
slotc.divers,divers
ui.ecran.fermer,Fermer (Échap)
ui.ecran.inventaire,"INVENTAIRE — {n} objet(s) dans le sac"
ui.ecran.sac,sac
ui.ecran.slot_vide,(emplacement vide)
ui.ecran.equiper,Équiper / retirer (E)
ui.ecran.reparer,Réparer
journal.objet_use,"{objet} ne vaut plus grand-chose : il faudrait le remettre en état"
journal.repare,"{objet} est remis en état (usure {usure} %)"
journal.reparer_station,"Il faudrait un atelier pour cela ({station})"
journal.reparer_matiere,"Il faudrait de quoi le réparer : {materiau}"
ui.ecran.jeter,Jeter (J)
ui.ecran.lire,Lire (L)
ui.ecran.sertir,Sertir (T)
ui.ecran.atelier,"ATELIER — stations à portée : {stations}"
ui.ecran.fabriquer,Fabriquer (Entrée)
ui.ecran.feuille,FEUILLE — {nom}
ui.objet.type,"{type} · {slot} · {rarete}"
ui.objet.qualite,"qualité : {palier} ({valeur})"
ui.objet.arme,"arme : {des} {type} · {ticks} ticks · portée {portee}"
ui.objet.durete,"dureté de base {durete} / référence {ref} × qualité ⇒ dégâts ×{facteur}"
ui.objet.armure,"armure : {zone} · {construction} · dureté composite {durete} · construction niveau {niveau}"
ui.objet.elements,Wu Xing : {liste}
ui.objet.vitesse,manche : ticks d'attaque ×{facteur}
ui.objet.composants,composants :
ui.objet.composant,composant en {materiau}
ui.objet.materiau,"{categorie} · {forme} · ×{quantite}"
ui.objet.stats,stats : {liste}
ui.objet.sertissures,"sertissures : {contenu}/{n}"
ui.objet.livre,"livre : {domaine} · difficulté {difficulte} · {n} modules"
ui.objet.station,"station portative : poids {poids} · compétence {competence}"
ui.recette.station,"à : {station} · compétence : {competence}"
ui.recette.entrees,entrées :
ui.recette.sortie,sortie :
ui.recette.manque,manque
ui.recette.inconnue,recette inconnue
ui.recette.sans_source,(pas de source encore : parties de créatures)
ui.recette.recolte,← récolte (pioche sur un mur ou un filon)
ui.recette.qualite_composant,(qualité A.3 sur la compétence de la station)
ui.recette.assemblage,(qualité = Σ composants × poids × jet d'assemblage)
ui.feuille.vitaux,"PV {pv}/{pv_max} · vigueur {end}/{end_max} · mana {mana}/{mana_max} · sang-froid {sf}/{sf_max}"
ui.feuille.stats,Stats
ui.feuille.cat.combat,Compétences de combat
ui.feuille.cat.general,Compétences générales
ui.feuille.aucune,(aucune)
ui.feuille.equipement,Équipement
journal.desequipe,"{nom} retire {objet}"
journal.jette,"{nom} jette {objet}"
component.manche_court.name,Manche court
component.manche_long.name,Manche long
component.poignee.name,Poignée
component.tete_outil.name,Tête d'outil
component.lame_courte.name,Lame courte
component.lame_longue.name,Lame longue
component.tete_arme_lourde.name,Tête d'arme lourde
component.pointe.name,Pointe
component.plaque.name,Plaque
component.sangles.name,Sangles
item.craft_dague.name,Dague
item.craft_epee.name,Épée
item.craft_arc.name,Arc
item.craft_baton_magique.name,Bâton magique
item.craft_hache.name,Hache
item.craft_faucille.name,Faucille
item.craft_seau.name,Seau
item.craft_fleches.name,Flèches
item.craft_masse.name,Masse
item.craft_lance.name,Lance
item.craft_pioche.name,Pioche
item.craft_casque.name,Casque
item.craft_bouclier.name,Bouclier
item.craft_anneau.name,Anneau
item.craft_amulette.name,Amulette
component.monture.name,Monture
item.craft_brassards.name,Brassards
item.craft_bottes.name,Bottes
item.cape.name,Cape
item.sac_a_dos.name,Sac à dos
slot.brassards,Brassards
slot.bottes,Bottes
slot.dos,Dos
slot.accessoire_1,Accessoire I
slot.accessoire_2,Accessoire II
item.craft_cuirasse.name,Cuirasse
item.craft_jambieres.name,Jambières
item.composant.name,Composant
qualite.miserable,misérable
qualite.pauvre,pauvre
qualite.correct,correct
qualite.bon,bon
qualite.excellent,excellent
qualite.chef_d_oeuvre,chef-d'œuvre
qualite.legendaire,légendaire
qualite.mythique,mythique
nom.arme_en,{base} en {materiau}
nom.armure_en,{base} de {construction} en {materiau}
nom.composant,{base} en {materiau}
construction.plaque.nom,plaque
journal.faconne,"{nom} façonne {objet} ({qualite})"
journal.assemble,"{nom} assemble {objet} ({qualite})"
ui.atelier.kind.plate,transformation
ui.atelier.kind.composant,composant
ui.atelier.kind.objet,assemblage
journal.victoire,plus aucun hostile. Victoire.
journal.defaite,tu es tombé. Une touche : te relever au point d'entrée (Mort et pénalité).
module.a_l_impact.name,À l'impact
module.affinite.name,Affinité
module.alternance.name,Alternance
module.ampleur.name,Ampleur
module.angle_mort.name,Angle mort
module.anneau.name,Anneau
module.balise.name,Balise
module.barriere.name,Barrière
module.baume.name,Baume
module.bombe.name,Bombe
module.boucle.name,Boucle
module.brasier.name,Brasier
module.bruine.name,Bruine
module.cadence.name,Cadence
module.canalisation.name,Canalisation
module.carre.name,Carré
module.colonne.name,Colonne
module.cone.name,Cône
module.croix.name,Croix
module.portee_hast.name,Hast
module.portee_en_ligne.name,En ligne
module.portee_en_biais.name,En biais
module.portee_zigzag.name,Zigzag
module.portee_mortier.name,Mortier
module.forme_damier.name,"Damier"
module.forme_arc.name,"Arc"
module.portee_en_etoile.name,"En étoile"
module.portee_transperce.name,"Transperçant"
module.portee_autour.name,"Autour de soi"
module.portee_sur_soi.name,Sur soi
module.portee_contact.name,Contact
module.portee_jet_court.name,Jet court
module.portee_jet_long.name,Jet long
module.portee_au_loin.name,Au loin
module.portee_aveugle.name,Aveugle
module.derobade.name,Dérobade
module.detonation.name,Détonation
module.diagonale.name,Diagonale
module.concentration.name,Concentration
module.ecaille_elementaire.name,Écaille élémentaire
module.echo_de_chair.name,Écho de chair
module.emprise.name,Emprise
module.etincelle.name,Étincelle
module.evasement.name,Évasement
status.durci.name,"Durci"
status.aimante.name,"Aimanté"
status.alourdi.name,"Alourdi"
status.emousse.name,"Émoussé"
module.flamme.name,Flamme
module.cataclysme.name,Cataclysme
journal.cataclysme_unique,un cataclysme par combat — le corps ne suit pas
journal.cataclysme,"{nom} déchaîne un cataclysme : la vigueur est vidée"
module.frappe.name,Frappe
module.gel.name,Gel
module.heure.name,Heure
module.ligne.name,Ligne
module.meute.name,Meute
module.mur.name,Mur
module.nappe.name,Nappe
module.nuee.name,Nuée
module.ombre.name,Ombre
module.pied_ferme.name,Pied ferme
module.point.name,Point
module.poussee.name,Poussée
module.prise.name,Prise
module.propagation.name,Propagation
module.racine.name,Racine
module.retour.name,Retour
module.riposte.name,Riposte
module.salve.name,Salve
module.sans_trace.name,Sans trace
module.soi.name,Soi
module.sol_vif.name,Sol vif
module.terroir.name,Terroir
module.testament.name,Testament
module.tracant.name,Traçant
module.trempe.name,Trempe
module.tuile.name,Tuile
module.voile_de_brume.name,Voile de brume
arena.banc_objets.name,"Banc d'objets"
ui.ecran.mort,"Vous êtes mort"
ui.mort.au_lit,"Vous vous relèverez au dernier lit où vous avez dormi. L'expédition en cours est terminée."
ui.mort.a_l_entree,"Vous n'avez pas encore de lit : vous vous relèverez au point d'entrée."
ui.mort.or,"Vous perdrez {pc} % de l'or porté, soit {or} pièces."
ui.mort.sac,"Une part de votre sac ({n} objets) tombera sur place — récupérable pendant {jours} jour."
ui.mort.sac_vide,"Votre sac est vide : rien à perdre de ce côté."
ui.mort.relever,"Se relever"
ui.mort.d_relever,"Payer le prix et repartir."
ui.mort.charger,"Charger une partie"
ui.mort.d_charger,"Reprendre à la dernière sauvegarde : rien n'est perdu, mais rien de ce qui a été fait depuis n'est gardé."
ui.mort.titre,"Revenir à l'écran principal"
ui.mort.d_titre,"Quitter la partie en cours."
ui.ecran.aide,"Contrôles"
ui.menu.aide,"Contrôles"
ui.menu.options,"Options"
ui.menu.quitter,"Quitter le jeu"
ui.aide.non_remappable,"Cette touche ne se reconfigure pas."
ui.controle.marcher_haut,"Avancer"
ui.controle.d_marcher_haut,"Marcher vers le haut de l'écran. Deux touches ensemble donnent une diagonale."
ui.controle.marcher_bas,"Reculer"
ui.controle.d_marcher_bas,"Marcher vers le bas de l'écran."
ui.controle.marcher_gauche,"Aller à gauche"
ui.controle.d_marcher_gauche,"Marcher vers la gauche de l'écran."
ui.controle.marcher_droite,"Aller à droite"
ui.controle.d_marcher_droite,"Marcher vers la droite de l'écran. Aller vers un ennemi adjacent l'attaque."
ui.controle.menu,"Menu"
ui.controle.d_menu,"Ouvrir le menu : tous les écrans et les actions générales."
ui.controle.interagir,"Interagir"
ui.controle.d_interagir,"Parler, ouvrir, actionner ce qui est devant soi."
ui.controle.ramasser,"Ramasser"
ui.controle.d_ramasser,"Prendre ce qui est au sol, sur sa case."
ui.controle.volet,"Volet latéral"
ui.controle.d_volet,"Montrer ou cacher le volet d'information sur le côté."
ui.controle.perimetre,"Périmètre"
ui.controle.d_perimetre,"Dessiner un périmètre de récolte. Au camp seulement."
ui.controle.triche,"Menu de triche"
ui.controle.d_triche,"Tout obtenir, tout déclencher. Développement seulement — absent de la version publiée, sauf lancement avec -- --triche."
ui.controle.annuler,"Annuler"
ui.controle.d_annuler,"Annuler une visée, un dessin de périmètre, une attaque lourde armée."
ui.controle.valider,"Valider"
ui.controle.d_valider,"Confirmer le choix en cours."
ui.aide.f_clic,"Clic — se déplacer, frapper, creuser"
ui.aide.d_clic,"Cliquer une case : s'y rendre. Sur un ennemi adjacent : frapper. Sur un mur adjacent, la pioche en main : creuser."
ui.aide.f_maj_clic,"Maj + clic — attaque lourde"
ui.aide.d_maj_clic,"Un coup plus lent et plus fort, télégraphié : la cible peut le voir venir."
ui.aide.f_chiffres,"1 à 0 — barre d'action"
ui.aide.d_chiffres,"Les dix cases de la barre : capacités d'abord, puis les armes du râtelier, les parchemins et les bombes."
ui.aide.f_ctrl_chiffres,"Ctrl + chiffre — page de la barre"
ui.aide.d_ctrl_chiffres,"Changer de page de la barre d'action."
ui.aide.f_molette,"Molette — zoom"
ui.aide.d_molette,"Zoomer et dézoomer. Clic du milieu : déplacer la vue."
# --- matériaux (tools/gen_materials.py) ---
material.pin.name,Pin
material.sapin.name,Sapin
material.epicea.name,Épicéa
material.meleze.name,Mélèze
material.cedre.name,Cèdre
material.chene.name,Chêne
material.hetre.name,Hêtre
material.bouleau.name,Bouleau
material.erable.name,Érable
material.frene.name,Frêne
material.orme.name,Orme
material.if.name,If
material.noyer.name,Noyer
material.cerisier.name,Cerisier
material.olivier.name,Olivier
material.ebene.name,Ébène
material.gaiac.name,Gaïac
material.acajou.name,Acajou
material.teck.name,Teck
material.balsa.name,Balsa
material.bambou.name,Bambou
material.saule.name,Saule
material.liege.name,Liège (chêne-liège)
material.peuplier.name,Peuplier
material.tilleul.name,Tilleul
material.charme.name,Charme
material.robinier.name,Robinier (faux acacia)
material.chataignier.name,Châtaignier
material.platane.name,Platane
material.aulne.name,Aulne
material.buis.name,Buis
material.cypres.name,Cyprès
material.sequoia.name,Séquoia
material.palmier.name,Palmier (stipe)
material.acacia.name,Acacia
material.eucalyptus.name,Eucalyptus
material.pommier.name,Pommier
material.noisetier.name,Noisetier
material.bois_flotte.name,Bois flotté
material.bois_calcine.name,Bois calciné
material.cuivre.name,Cuivre
material.etain.name,Étain
material.zinc.name,Zinc
material.bronze.name,Bronze
material.laiton.name,Laiton
material.fer.name,Fer
material.acier.name,Acier
material.acier_trempe.name,Acier trempé
material.argent.name,Argent
material.or.name,Or
material.platine.name,Platine
material.plomb.name,Plomb
material.nickel.name,Nickel
material.cobalt.name,Cobalt
material.titane.name,Titane
material.tungstene.name,Tungstène
material.aluminium.name,Aluminium (bauxite)
material.chrome.name,Chrome (chromite)
material.manganese.name,Manganèse
material.bismuth.name,Bismuth
material.antimoine.name,Antimoine
material.acier_tungstene.name,Acier au tungstène
material.acier_vanadium.name,Acier au vanadium
material.acier_damasse.name,Acier damassé
material.acier_inox.name,Acier inoxydable
material.fonte.name,Fonte
material.magnesium.name,Magnésium
material.maillechort.name,Maillechort
material.molybdene.name,Molybdène
material.palladium.name,Palladium
material.vanadium.name,Vanadium
material.electrum.name,Électrum
material.pierre.name,Pierre
material.granit.name,Granit
material.granit_noir.name,Granit noir (gabbro)
material.diorite.name,Diorite
material.andesite.name,Andésite
material.calcaire.name,Calcaire
material.dolomie.name,Dolomie
material.craie.name,Craie
material.marbre.name,Marbre
material.quartzite.name,Quartzite
material.schiste.name,Schiste
material.gneiss.name,Gneiss
material.basalte.name,Basalte
material.tuf_volcanique.name,Tuf volcanique
material.pierre_ponce.name,Pierre ponce
material.obsidienne.name,Obsidienne
material.silex.name,Silex
material.gres.name,Grès
material.ardoise.name,Ardoise
material.gypse.name,Gypse
material.rhyolite.name,Rhyolite
material.peridotite.name,Péridotite
material.serpentinite.name,Serpentinite
material.travertin.name,Travertin
material.conglomerat.name,Conglomérat
material.breche_volcanique.name,Brèche volcanique
material.kimberlite.name,Kimberlite
material.calcite.name,Calcite (spath)
material.pierre_de_lave.name,Pierre de lave
material.houille.name,Houille
material.lignite.name,Lignite
material.anthracite.name,Anthracite
material.soufre.name,Soufre
material.salpetre.name,Salpêtre
material.sel_gemme.name,Sel gemme
material.graphite.name,Graphite
material.mica.name,Mica
material.pyrite.name,Pyrite
material.malachite.name,Malachite
material.argile_refractaire.name,Argile réfractaire
material.tourbe_compactee.name,Tourbe compactée
material.bitume.name,Bitume
material.cinabre.name,Cinabre
material.ocre.name,Ocre
material.lapis_lazuli.name,Lapis-lazuli
material.turquoise.name,Turquoise
material.ambre.name,Ambre
material.fluorine.name,Fluorine
material.amiante.name,Amiante
material.phosphorite.name,Phosphorite
material.alun.name,Alun
material.azurite.name,Azurite
material.borax.name,Borax
material.chaux.name,Chaux
material.galene.name,Galène
material.guano.name,Guano/salpêtre de grotte
material.hematite.name,Hématite
material.kaolin.name,Kaolin
material.magnetite.name,Magnétite
material.potasse.name,Potasse
material.sel_marin.name,Sel marin
material.uraninite.name,Uraninite
material.quartz.name,Quartz
material.amethyste.name,Améthyste
material.topaze.name,Topaze
material.grenat.name,Grenat
material.opale.name,Opale
material.jade.name,Jade
material.rubis.name,Rubis
material.saphir.name,Saphir
material.emeraude.name,Émeraude
material.diamant.name,Diamant
material.onyx.name,Onyx
material.agate.name,Agate
material.aigue_marine.name,Aigue-marine
material.perle.name,Perle
material.tourmaline.name,Tourmaline
material.terre.name,Terre
material.terre_fertile.name,Terre fertile
material.tourbe.name,Tourbe
material.sable.name,Sable
material.argile.name,Argile
material.gravier.name,Gravier
material.cendre.name,Cendre
material.humus.name,Humus
material.laterite.name,Latérite
material.limon.name,Limon
material.marne.name,Marne
material.sable_noir.name,Sable noir
material.lin.name,Lin
material.coton.name,Coton
material.paille.name,Paille
material.chanvre.name,Chanvre
material.amidon.name,Amidon
material.gomme_arabique.name,Gomme arabique
material.jute.name,Jute
material.latex.name,Latex
material.osier.name,Osier
material.rotin.name,Rotin
material.resine.name,Résine
material.sisal.name,Sisal
material.tanin.name,Tanin
material.varech.name,Varech
material.ecorce.name,Écorce
material.eau.name,Eau
material.eau_salee.name,Eau salée
material.lave.name,Lave
material.huile.name,Huile
material.goudron.name,Goudron
material.boue.name,Boue
material.seve.name,Sève
material.alcool.name,Alcool
material.encre.name,Encre
material.essence_terebenthine.name,Essence de térébenthine
material.lait.name,Lait
material.lessive_de_cendre.name,Lessive de cendre
material.mercure.name,Mercure
material.miel.name,Miel
material.sang.name,Sang
material.saumure.name,Saumure
material.venin.name,Venin
material.vinaigre.name,Vinaigre
material.os_fossile.name,Os fossile
material.ammonite.name,Ammonite
material.bois_petrifie.name,Bois pétrifié
material.coquillage_fossile.name,Coquillage fossile
material.geode.name,Géode
material.meteorite_ferreuse.name,Météorite ferreuse
material.corail.name,Corail
material.dent_fossile.name,Dent fossile
material.nacre.name,Nacre
material.trilobite.name,Trilobite
material.glace.name,Glace
material.neige.name,Neige
material.givre.name,Givre
material.grele.name,Grêle
material.verre.name,Verre
material.brique.name,Brique
material.chaume_tresse.name,Chaume tressé
material.papier.name,Papier
material.brique_refractaire.name,Brique réfractaire
material.beton.name,Béton
material.caoutchouc.name,Caoutchouc
material.charbon_de_bois.name,Charbon de bois
material.cire.name,Cire
material.colle_d_os.name,Colle d'os
material.cuir_bouilli.name,Cuir bouilli
material.feutre.name,Feutre
material.parchemin.name,Parchemin
material.platre.name,Plâtre
material.poix.name,Poix
material.porcelaine.name,Porcelaine
material.savon.name,Savon
material.scorie.name,Scorie
material.verre_trempe.name,Verre trempé
material.boyau.name,Boyau
material.carapace.name,Carapace
material.corne.name,Corne
material.crin.name,Crin
material.cuir.name,Cuir
material.fourrure.name,Fourrure
material.laine.name,Laine
material.os.name,Os
material.os_de_seiche.name,Os de seiche
material.os_massif.name,Os massif
material.plume.name,Plume
material.soie.name,Soie
material.soie_araignee.name,Soie d'araignée
material.suif.name,Suif
material.tendon.name,Tendon
material.vessie.name,Vessie
material.croc.name,croc
material.ivoire.name,ivoire
material.eponge.name,Éponge
material.ecaille.name,écaille
# --- fin matériaux ---
# --- cultures de nommage (tools/gen_name_cultures.py) ---
titre.latine.monarchie_hereditaire.m,Roi
titre.latine.monarchie_hereditaire.f,Reine
titre.latine.republique.m,Consul
titre.latine.republique.f,Consule
titre.latine.theocratie.m,Grand Pontife
titre.latine.theocratie.f,Grande Pontife
titre.latine.ploutocratie.m,Magnat
titre.latine.ploutocratie.f,Magnate
titre.latine.dictature.m,Imperator
titre.latine.dictature.f,Imperatrix
titre.latine.guilde_maitre.m,Grand Maître
titre.latine.guilde_maitre.f,Grande Maîtresse
culture.latine.name,Latine/romane
titre.nordique.monarchie_hereditaire.m,Haut-Roi
titre.nordique.monarchie_hereditaire.f,Haute-Reine
titre.nordique.republique.m,Premier Jarl
titre.nordique.republique.f,Première Jarl
titre.nordique.theocratie.m,Godi
titre.nordique.theocratie.f,Gydja
titre.nordique.ploutocratie.m,Maître des Guildes
titre.nordique.ploutocratie.f,Maîtresse des Guildes
titre.nordique.dictature.m,Seigneur de Guerre
titre.nordique.dictature.f,Dame de Guerre
titre.nordique.guilde_maitre.m,Grand Maître
titre.nordique.guilde_maitre.f,Grande Maîtresse
culture.nordique.name,Nordique/germanique
titre.nipponne.monarchie_hereditaire.m,Empereur
titre.nipponne.monarchie_hereditaire.f,Impératrice
titre.nipponne.republique.m,Chancelier
titre.nipponne.republique.f,Chancelière
titre.nipponne.theocratie.m,Grand Kannushi
titre.nipponne.theocratie.f,Grande Miko
titre.nipponne.ploutocratie.m,Marchand Suprême
titre.nipponne.ploutocratie.f,Marchande Suprême
titre.nipponne.dictature.m,Shōgun
titre.nipponne.dictature.f,Shōgun
titre.nipponne.guilde_maitre.m,Grand Maître
titre.nipponne.guilde_maitre.f,Grande Maîtresse
culture.nipponne.name,Nipponne
titre.slave.monarchie_hereditaire.m,Tsar
titre.slave.monarchie_hereditaire.f,Tsarine
titre.slave.republique.m,Starosta
titre.slave.republique.f,Starosta
titre.slave.theocratie.m,Patriarche
titre.slave.theocratie.f,Matriarche
titre.slave.ploutocratie.m,Boyard des Marchés
titre.slave.ploutocratie.f,Boyarde des Marchés
titre.slave.dictature.m,Voïvode
titre.slave.dictature.f,Voïvode
titre.slave.guilde_maitre.m,Grand Maître
titre.slave.guilde_maitre.f,Grande Maîtresse
culture.slave.name,Slave
titre.arabo_berbere.monarchie_hereditaire.m,Sultan
titre.arabo_berbere.monarchie_hereditaire.f,Sultane
titre.arabo_berbere.republique.m,Cheikh du Conseil
titre.arabo_berbere.republique.f,Cheikha du Conseil
titre.arabo_berbere.theocratie.m,Calife
titre.arabo_berbere.theocratie.f,Califa
titre.arabo_berbere.ploutocratie.m,Grand Vizir des Marchés
titre.arabo_berbere.ploutocratie.f,Grande Vizir des Marchés
titre.arabo_berbere.dictature.m,Émir de Guerre
titre.arabo_berbere.dictature.f,Émira de Guerre
titre.arabo_berbere.guilde_maitre.m,Grand Maître
titre.arabo_berbere.guilde_maitre.f,Grande Maîtresse
culture.arabo_berbere.name,Arabo-berbère
titre.celte.monarchie_hereditaire.m,Haut-Roi
titre.celte.monarchie_hereditaire.f,Haute-Reine
titre.celte.republique.m,Brehon
titre.celte.republique.f,Brehon
titre.celte.theocratie.m,Archidruide
titre.celte.theocratie.f,Archidruidesse
titre.celte.ploutocratie.m,Prince des Foires
titre.celte.ploutocratie.f,Princesse des Foires
titre.celte.dictature.m,Champion-Régent
titre.celte.dictature.f,Championne-Régente
titre.celte.guilde_maitre.m,Grand Maître
titre.celte.guilde_maitre.f,Grande Maîtresse
culture.celte.name,Celte
titre.sino.monarchie_hereditaire.m,Empereur
titre.sino.monarchie_hereditaire.f,Impératrice
titre.sino.republique.m,Chancelier
titre.sino.republique.f,Chancelière
titre.sino.theocratie.m,Grand Prêtre
titre.sino.theocratie.f,Grande Prêtresse
titre.sino.ploutocratie.m,Grand Marchand
titre.sino.ploutocratie.f,Grande Marchande
titre.sino.dictature.m,Généralissime
titre.sino.dictature.f,Généralissime
titre.sino.guilde_maitre.m,Grand Maître
titre.sino.guilde_maitre.f,Grande Maîtresse
culture.sino.name,Sino
# --- fin cultures ---
recipe.distiller_herbe.name,Distiller une herbe
recipe.distiller_partie.name,Distiller une partie de bête
journal.embuscade,{att} surprend {def} : +{des} dés
ui.ecran.triche,"TRICHE (V) — tout obtenir, tout déclencher · invincible : {invincible}"
ui.ecran.triche_liste,"TRICHE — {quoi} (Entrée : donner / déclencher · Échap : retour)"
ui.triche.oui,oui
ui.triche.non,non
ui.triche.or,+10 000 or
ui.triche.soin,"Tout restaurer (PV, vigueur, mana, faim, statuts)"
ui.triche.invincible,Invincibilité (bascule)
ui.triche.competences,Toutes les compétences au niveau 50
ui.triche.talents,Tous les talents
ui.triche.modules,Tous les modules de capacité
ui.triche.recettes,Toutes les recettes
ui.triche.heure,Basculer jour / nuit
ui.triche.semaine,Avancer d'une semaine
ui.triche.reveler,Révéler la carte autour (40 cellules)
ui.triche.claim,Revendiquer cette cellule
ui.triche.tuer,Tuer tous les hostiles autour
ui.triche.objet,Un objet (exceptionnel)
ui.triche.materiau,Un matériau (×20)
ui.triche.creature,Faire apparaître une créature
ui.triche.meteo,Imposer une météo
ui.triche.statut,S'appliquer un statut
ui.triche.race,Devenir une race
journal.triche,"Triche : {action}"
nom.de_creature,{base} de {creature}
item.parchemin.name,Parchemin
nom.parchemin,"Parchemin de {module} ({charges} charge(s))"
journal.parchemin,"{nom} lit un parchemin — {charges} charge(s) restante(s)"
journal.parchemin_use,"le parchemin tombe en poussière"
journal.parchemin_illisible,"{nom} ne parvient pas à lire ce parchemin"
ui.hotbar.parchemin,"{nom} ({n})"
nom.matiere_espece,"{materiau} de {creature}"
journal.statue,Une statue de {nom} tombe — trophée rare
journal.bourse,"{nom} ramasse {or} pièces"
status.seve.name,Sève
status.aveugle.name,Aveuglé
status.silence.name,Silence
status.epuisement.name,Épuisement
status.ancrage.name,Ancrage
status.reflet.name,Reflet
status.voile.name,Voile
monnaie.mana,mana
monnaie.vigueur,vigueur
monnaie.sante,PV
monnaie.or,or
journal.monnaie_bloquee,"{nom} ne peut plus puiser dans son {monnaie}"
journal.voile_esquive,"Le voile de {nom} absorbe le coup et se dissipe"
journal.reflet,"Le reflet de {nom} renvoie {degats} à {att}"
zone.entrave,Racines
zone.blessure,Sol vif
zone.glissante,Nappe glissante
zone.brume,Voile de brume
zone.balise,Balise
journal.zone_posee,"{nom} pose : {zone}"
journal.zone_blesse,"{nom} traverse le sol vif : {degats}"
journal.glisse,"{nom} glisse sur la nappe"
journal.tourelle_posee,"{nom} déploie {n} tourelle(s)"
journal.pas_de_cadavre,"{nom} ne trouve aucun cadavre à relever"
journal.echo_de_chair,"{nom} appelle {n} écho(s) de chair"
status.envol.name,Envol
status.trempe.name,Trempe
status.rupture.name,Rupture
status.traque.name,Traque
journal.purge,"{nom} est délivré de : {statut}"
journal.ponction,"{nom} ponctionne {mana} de mana à {def}"
journal.transfert,"{nom} transfère {pv} PV à {def}"
status.absorption.name,Absorption
status.communion.name,Communion
status.ecaille_elementaire.name,Écaille élémentaire
status.reserve.name,Réserve
status.pari.name,Pari
zone.portail,Portail
zone.vapeur,Vapeur
journal.absorption,"Le matelas de {nom} encaisse {degats}"
journal.communion,"{nom} prend {degats} à la place de {def}"
journal.ecaille,"L'écaille de {nom} annule l'élément {element}"
journal.reserve,"La réserve de {nom} se libère : {soin}"
journal.pari,"{nom} relance : {jet}"
journal.desarmement,"{nom} lâche son arme : {objet}"
journal.desarmement_rate,"{nom} garde son arme"
journal.estimation,"{nom} — {pv} PV · {stats} · {element}"
journal.rappel_a_la_vie,"{nom} rappelle {def} à la vie"
journal.portail_traverse,"{nom} traverse le portail"
ui.composer.degats,"Dégâts attendus : {min}–{max}  ({des} + {bonus} dés · ×{mult})"
ui.composer.elements,"Éléments : {liste}"
ui.composer.condition,"Condition {nom} : {predicat} → {bonus}"
ui.composer.modificateurs,"Modificateurs : {liste}"
ui.composer.liaisons,"Liaisons : {liste}"
ui.composer.avertissements,"Non résolu : {liste}"
geometrie.point,point
geometrie.soi,soi
geometrie.ligne,ligne
geometrie.cone,cône
geometrie.carre,carré
geometrie.anneau,anneau
geometrie.couronne,couronne
geometrie.croix,croix
geometrie.diagonale,diagonale
geometrie.colonne,colonne
geometrie.mur,mur
geometrie.nuee,nuée
geometrie.sillage,sillage
geometrie.chemin,chemin
geometrie.horizon,horizon
geometrie.tuile,tuile
geometrie.vague,vague
effet.degats,dégâts
effet.soin,soin
effet.statut,statut
effet.terrain,terrain
effet.deplacement,déplacement
effet.invocation,invocation
effet.tempo,tempo
effet.saisie,saisie
effet.resurrection,résurrection
effet.ressource,ressource
drapeau.ignore_armure,ignore l'armure
drapeau.vampirique,vampirique
drapeau.durees_mult,durées ×
drapeau.projection,projection
drapeau.attraction,attraction
drapeau.segments,segments
drapeau.purification,purification
drapeau.silencieux,silencieux
drapeau.sans_trace,sans trace
drapeau.detonation,détonation
drapeau.emprise,emprise
drapeau.tracant,traçant
drapeau.prisme,prisme
drapeau.element_vers,transmutation
drapeau.geometrie_map,évasement
drapeau.canalisation,canalisation
drapeau.enchainement,enchaînement
drapeau.fragmentation,fragmentation
drapeau.ligature,ligature
drapeau.remanence,rémanence
drapeau.ricochet,ricochet
drapeau.miroir,miroir
drapeau.partage,partage
drapeau.salve,salve
drapeau.meute,meute
drapeau.alternance,alternance
drapeau.dispersion,dispersion
drapeau.propagation,propagation
drapeau.boucle,boucle
drapeau.contagion,contagion
drapeau.echo,écho
predicat.hauteur_relative,en surplomb
predicat.dos_ou_flanc,de dos ou de flanc
predicat.ligne_de_vue_degagee,ligne de vue dégagée
predicat.cible_isolee,cible isolée
predicat.cible_adjacente_a_allie,cible au contact d'un allié
predicat.pv_cible_sous,PV de la cible bas
predicat.pv_porteur_sous,PV du porteur bas
predicat.vecteur_de_lieu,le lieu porte l'élément
predicat.porteur_en_posture,porteur en garde
predicat.jauge_chaine_pleine,jauge de chaîne pleine
predicat.segment_chaine_present,un segment en jauge
predicat.element_cible,élément de la cible
predicat.porteur_immobile_depuis,porteur immobile
predicat.corruption_au_dessus,cellule corrompue
predicat.phase_du_jour,la nuit
predicat.meteo_parmi,intempérie
predicat.porteur_dissimule,porteur dissimulé
predicat.cible_immobilisee,cible immobilisée
bonus.des,dés
bonus.ticks,ticks
bonus.portee,portée
bonus.taille,taille
bonus.mult,×
bonus.ressource_mult,ressource ×
journal.bombes_posees,"{nom} pose {n} charge(s), amorcées dans {retard} ticks"
type_module.forme,Formes
type_module.portee,Portées
type_module.noyau,Noyaux
type_module.modificateur,Modificateurs
type_module.condition,Conditions
type_module.declencheur,Déclencheurs
type_module.liaison,Liaisons
origine.cible,à distance
origine.lanceur,depuis soi
status.levite.name,Lévitation
status.au_sol.name,À terre
zone.ancre,Ancre
journal.convocation,"{nom} attire {allie} à ses côtés"
journal.rien_a_lancer,"{nom} n'a personne à lancer"
journal.pas_d_ancre,"{nom} n'a pas posé d'ancre"
journal.retour_ancre,"{nom} revient à son ancre"
journal.levite,"{nom} décolle du sol"
journal.fauche,"{nom} tombe à terre"
journal.fauchage_rate,"{def} résiste au fauchage de {nom}"
journal.se_releve,"{nom} se relève"
journal.ecaille_revers,"L'écaille de {nom} cède à l'élément {element}"
ui.composer.contribution,"Ce module ajoute : {liste}"
ui.composer.contribution_nulle,"Ce module n’ajoute rien à cette séquence"
ui.composer.cout,"Coût réel : {min}–{max} {monnaie} · affinité de l’arme ({arme}) ×{affinite}"
functionality.mains_nues.name,Mains nues
barre.sante,Vie
barre.vigueur,Vigueur
barre.mana,Mana
barre.faim,Faim
barre.charge,Charge
ui.chargement,"Chargement — cellule ({x}, {y}) · {biome}"
ui.composer.surface,"Par tuile : {n} tuiles à la visée nominale → {min}–{max} {monnaie} en tout"
ui.capacite.surface,"{n} tuiles → {min}–{max} {monnaie}"
ui.ecran.titre,"SENSEN"
ui.titre.nouvelle,Nouvelle partie
ui.titre.continuer,Continuer
ui.titre.charger,Charger…
ui.titre.options,Options…
ui.titre.quitter,Quitter
ui.titre.d_nouvelle,"Créer un personnage, puis un monde, puis choisir sa case de départ."
ui.titre.d_continuer,"Reprendre la dernière sauvegarde."
ui.titre.charger,"Charger"
ui.titre.d_charger,"Charger une partie"
ui.charger.ecrit_le,"Sauvegardée le {date} ({slot})"
ui.charger.corruption,"Corruption au camp : {n} %"
ui.charger.monde,"Monde {graine} · {vues} cellules parcourues · {claims} revendiquées · {villages} villages connus"
ui.charger.en_donjon,"En expédition, étage {etage}"
ui.charger.en_surface,"En surface"
ui.charger.ou,"{ou} · biome du camp : {biome}"
ui.charger.temps,"Jour {jour}, {heure} h · {saison}"
ui.charger.corps,"{pv}/{pv_max} PV · {or} or · {sac} objets au sac"
ui.charger.perso,"{nom} — {race} {classe}, niveau {niveau}"
ui.charger.illisible,"Sauvegarde « {slot} » illisible : elle vient d’une version trop ancienne."
ui.charger.ligne,"{nom} — {classe} niv. {niveau} — jour {jour}"
ui.charger.ligne_muette,"{slot} — partie d’avant les résumés"
ui.charger.aucune,"(aucune partie)"
ui.ecran.charger,"Charger"
ui.titre.d_charger,"Choisir une sauvegarde."
ui.titre.d_options,"Langue, plein écran."
ui.titre.d_quitter,"Fermer le jeu."
ui.ecran.monde,"CRÉATION DU MONDE — Entrée : valider · Échap : retour"
ui.monde.graine,"Graine du monde : {graine} (Entrée : re-tirer)"
ui.monde.d_graine,"La graine décide de tout le monde : continents, biomes, royaumes, donjons. Deux parties à graines différentes n'ont rien en commun."
ui.monde.commencer,Commencer
ui.monde.d_commencer,"Le monde est généré ; la carte s'ouvre pour choisir sa case de départ."
ui.monde.retour,Retour
ui.ecran.options,OPTIONS
ui.options.langue,"Langue : {langue} (Entrée : changer)"
ui.options.d_langue,"Français / English, à chaud."
ui.options.plein_ecran,"Plein écran : {etat}"
ui.options.retour,Retour
ui.menu.titre,Retour à l'écran principal
ui.composer.taille_courte,taille
journal.epuisement,"{nom} s’épuise : {deficit} de vigueur manquants, {degats} PV"
ui.composer.telegraphe,"⚠ {ticks} ticks : au-delà de {seuil}, le sort est télégraphié — visible de tous, interruptible"
ui.apercu.vide,"Aperçu : ajoutez une forme et un noyau"
ui.apercu.tuiles,"{n} tuiles · {origine} · portée {portee} · visée nominale vers le nord"
ui.apercu.horizon,"Horizon : toutes les entités en vue"
ui.composeur.nom,"Nom du sort :"
ui.composeur.nom_auto,"(le nom du noyau)"
ui.composeur.slot_vide,"glisser ici"
ui.composeur.aide,"— glisser une carte dans la grille · R : tourner · + / − : le cran de puissance · clic droit ou Suppr : retirer · pas de sens de lecture : seul compte ce qui rentre · Tab : l’étape suivante · N : une étape de plus (il faut un déclencheur)"
ui.composeur.glisser,"Glissez une portée, une forme et un noyau dans la grille — ou Entrée sur une carte."
ui.composeur.wuxing,"{dominante} domine · engendre {engendre} · domine {domine}"
ui.composeur.wuxing_vide,"Wu Xing du sort : —"
ui.composeur.groupe.portee,Portée
ui.composeur.etape,"Étape {n}"
ui.composeur.etape_aide,"Une étape de plus part du déclencheur de la précédente — il en faut un"
ui.composeur.groupe.forme,Formes
ui.composeur.groupe.noyau,Noyaux
ui.composeur.groupe.modificateur,Modificateurs
ui.composeur.groupe.condition,Conditions
ui.composeur.groupe.liaison,Liaisons
ui.composeur.groupe.declencheur,Déclencheur
ui.composeur.groupe.suite,"Suite (après le déclencheur)"
ui.composeur.wuxing_legende,"→ engendre · ⇢ domine"
ui.apercu.tuiles_souris,"{n} tuiles · {origine} · portée {portee} · visée : la souris"
style.assaut.name,Assaut
style.controle.name,Contrôle
style.soutien.name,Soutien
style.mobilite.name,Mobilité
style.terrain.name,Terrain
style.ruse.name,Ruse
style.neutre.name,Neutre
ui.composeur.filtre_tous,Tous
ui.composeur.style,"Style du sort : {liste}"
ui.composeur.style_neutre,"Style du sort : —"
journal.xp,"XP : {liste}"
xp.encaissement,Encaissement
ui.bulle.pv,"{nom} · {pv}/{max} PV"
ui.bulle.arme,"Arme : {min}–{max} · lourde {lmin}–{lmax}"
ui.bulle.wuxing,"{element} contre {cible} ×{dom}"
ui.bulle.armure,"Zone {zone} ×{mult} · armure {armure}"
ui.critique,"CRITIQUE ×{mult}"
ui.rate,RATÉ
journal.poussee_choc,"{nom} bute : {degats} dégâts ({tuiles} tuiles perdues)"
module.alignement.name,Alignement
journal.piege_revele,"{nom} déclenche un piège caché ({zone})"
status.marque.name,Marque
module.marque.name,Marque
module.marquee.name,Marquée
module.erosif.name,Érosif
journal.erosion,"{nom} est érodé : −{pv} PV max ({max})"
creature.echo_de_chair.name,Écho de chair
creature.feu_follet.name,Feu follet
creature_action.flammeche.name,Flammèche
module.feu_follet.name,Feu follet
tile_content.porte_fermee.name,Porte fermée
option.porte,Ouvrir / fermer la porte
journal.porte_ouverte,"{nom} ouvre une porte"
journal.porte_fermee,"{nom} ferme une porte"
creature.bandit_archer.name,Bandit archer
creature.chaman_bandit.name,Chaman bandit
creature.guerisseur_bandit.name,Guérisseur bandit
creature.brute.name,Brute
creature.rodeur.name,Rôdeur
creature.rat_geant.name,Rat géant
creature.chauve_souris.name,Chauve-souris
creature_action.tir_a_l_arc.name,Tir à l'arc
creature_action.onguent.name,Onguent
creature_action.appel_des_follets.name,Appel des follets
creature_action.coup_de_masse.name,Coup de masse
creature_action.morsure_de_rat.name,Morsure de rat
creature_action.morsure_de_chauve_souris.name,Morsure de chauve-souris
ai_profile.tireur.name,Tireur
ai_profile.invocateur.name,Invocateur
ai_profile.soigneur.name,Soigneur
ai_profile.tank.name,Tank
ai_profile.embusqueur.name,Embusqueur
ai_profile.fuyard.name,Fuyard
journal.invocation_creature,{nom} : {action} — {n} créature(s) appelée(s)
ui.ecran.creation,CRÉATION DU PERSONNAGE
ui.creation.nom_l,Nom : {nom}
ui.creation.nom_vide,(tapez un nom)
ui.creation.race_l,Race : {race}
ui.creation.classe_l,Classe : {classe}
ui.creation.annee_l,Née en {annee} — signe {element}-{animal}
ui.creation.points_l,Points à répartir : {restants} / {total}
ui.creation.stat_l,{stat} : {valeur} (+{points})
ui.creation.commencer,Commencer
ui.creation.d_nom,"Le nom du personnage — tapez les lettres, Retour arrière efface ({max} lettres au plus). Sans nom, il s'appellera Aventurier."
ui.creation.talent_classe,Talent de classe : {talent}
ui.creation.bonus,Bonus de stats : {bonus}
ui.creation.xp_mult,XP × {mult} · espérance de vie {vie} ans
ui.creation.d_race,"La race donne son talent, ses bonus et son rythme d'apprentissage."
ui.creation.competences_l,Compétences de départ : {liste}
ui.creation.potentiels_l,Potentiels : {defaut} par défaut · {liste}
ui.creation.kit_l,Kit de départ : {liste}
ui.creation.d_classe,"La classe donne son talent, ses compétences, son équipement et ses potentiels — tout le reste s'apprend par l'usage."
ui.creation.d_annee,"L'année de naissance fixe le signe astrologique, qui colore les potentiels (← →)."
ui.creation.d_points,"Chaque stat part de 5 ; jusqu'à {max} points par stat, plus les bonus de race et de classe."
ui.creation.d_commencer,"Valider le personnage, puis choisir le monde (graine) et la case de départ."
ui.creation.aide2,← → ou + / − : modifier · ↑ ↓ : ligne · Entrée : suivant / valider · Échap : retour
stat.force.desc,"Force : les dégâts des armes lourdes, le poids porté, creuser."
stat.dexterite.desc,"Dextérité : la précision, l'esquive, les armes légères et le tir."
stat.endurance.desc,"Endurance : les points de vie (20 + End × 4), l'endurance d'action, la marche."
stat.volonte.desc,"Volonté : le mana, la résistance aux contrôles, la magie."
stat.perception.desc,"Perception : la portée de vue et de détection, la récolte, le tir."
stat.charisme.desc,"Charisme : le commerce, les compagnons, les réputations."
ui.inventaire.col_nom,Nom
ui.inventaire.col_type,Type
ui.inventaire.col_qualite,Qualité
ui.inventaire.col_poids,Poids
ui.inventaire.col_quantite,Qté
journal.mort_or,{nom} laisse {or} pièces d'or dans la mort
journal.faim_conseil,{nom} a l'estomac qui gronde — il faudrait manger
item.livre_module.name,Livre de module
nom.livre_module,"Livre : {module} (difficulté {difficulte})"
nom.livre,"{base} {domaine} (difficulté {difficulte}, {n} modules)"
ui.creation.depart_l,"Départ : {lieu} (← →)"
ui.creation.depart_camp,au camp
ui.creation.depart_donjon,dans un donjon
ui.hotbar.glisser,HOTBAR — glissez un objet ou une capacité dans une case · clic droit : vider
creature.serpent_geant.name,Serpent géant
creature.araignee_geante.name,Araignée géante
creature.sangsue_geante.name,Sangsue géante
creature.aigle_royal.name,Aigle royal
creature.scarabee_cuirasse.name,Scarabée cuirassé
rig.serpentin.name,Serpentin
rig.arachnide.name,Arachnide
creature.kappa.name,Kappa
creature.kitsune.name,Kitsune
creature.tsuchigumo.name,Tsuchigumo
creature.basilic.name,Basilic
creature.griffon.name,Griffon
creature.golem_d_argile.name,Golem d'argile
ui.creation.roue_de,"Couleur : {quoi}"
ui.creation.app_l,"{locus} : {valeur} (← →)"
ui.creation.app_couleur_l,"{locus} : {valeur}  (← → teintes · Entrée : roue de couleurs)"
ui.apparence.tete,"Tête"
ui.apparence.yeux,"Yeux"
ui.apparence.nez,"Nez"
ui.apparence.bouche,"Bouche"
ui.apparence.cheveux,"Cheveux"
ui.apparence.carrure,"Carrure"
ui.apparence.teinte_peau,"Teint"
ui.apparence.teinte_cheveux,"Couleur des cheveux"
ui.apparence.val.ronde,"ronde"
ui.apparence.val.ovale,"ovale"
ui.apparence.val.carree,"carrée"
ui.apparence.val.points,"en points"
ui.apparence.val.fentes,"en fentes"
ui.apparence.val.grands,"grands"
ui.apparence.val.droit,"droit"
ui.apparence.val.crochu,"crochu"
ui.apparence.val.plat,"plat"
ui.apparence.val.fine,"fine"
ui.apparence.val.large,"large"
ui.apparence.val.sourire,"en sourire"
ui.apparence.val.courts,"courts"
ui.apparence.val.longs,"longs"
ui.apparence.val.queue,"en queue"
ui.apparence.val.chauve,"chauve"
ui.apparence.val.mince,"mince"
ui.apparence.val.moyenne,"moyenne"
ui.apparence.val.ivoire,"ivoire"
ui.apparence.val.sable,"sable"
ui.apparence.val.ambre,"ambre"
ui.apparence.val.bronze,"bronze"
ui.apparence.val.ebene,"ébène"
ui.apparence.val.cendre,"cendre"
ui.apparence.val.corbeau,"corbeau"
ui.apparence.val.chataigne,"châtaigne"
ui.apparence.val.roux,"roux"
ui.apparence.val.blond,"blond"
ui.apparence.val.argent,"argent"
ui.creation.d_apparence,"Un trait du visage ou de la silhouette : ← → pour en changer. La race donne le défaut — le nain est court et large et barbu, l'elfe élancé aux oreilles pointues."
ui.apparence.val.allongee,"allongée"
ui.apparence.val.en_coeur,"en cœur"
ui.apparence.val.en_amande,"en amande"
ui.apparence.val.tombants,"tombants"
ui.apparence.val.fin,"fin"
ui.apparence.val.busque,"busqué"
ui.apparence.val.boudeuse,"boudeuse"
ui.apparence.val.crete,"en crête"
ui.apparence.val.chignon,"en chignon"
ui.apparence.val.tresses,"en tresses"
ui.apparence.val.trapue,"trapue"
ui.apparence.val.athletique,"athlétique"
ui.apparence.val.olive,"olive"
ui.apparence.val.cuivre,"cuivre"
ui.apparence.val.porcelaine,"porcelaine"
ui.apparence.val.neige,"neige"
ui.apparence.val.acajou,"acajou"
ui.apparence.val.lin,"lin"
ui.apparence.val.encre_bleue,"encre bleue"
creature.tengu.name,Tengu
creature.banshee.name,Banshee
creature.troll.name,Troll
creature.nue.name,Nue
creature.jorogumo.name,Jorogumo
creature.lindworm.name,Lindworm
creature.ours_des_cavernes.name,Ours des cavernes
creature.essaim_de_chauves_souris.name,Essaim de chauves-souris
ui.apparence.taille,"Taille"
ui.apparence.sourcils,"Sourcils"
ui.apparence.barbe,"Barbe"
ui.apparence.marque,"Marque"
ui.apparence.val.petite,"petite"
ui.apparence.val.moyenne_t,"moyenne"
ui.apparence.val.grande,"grande"
ui.apparence.val.fins,"fins"
ui.apparence.val.epais,"épais"
ui.apparence.val.aucun,"aucun"
ui.apparence.val.aucune,"aucune"
ui.apparence.val.courte,"courte"
ui.apparence.val.longue,"longue"
ui.apparence.val.cicatrice,"cicatrice"
ui.apparence.val.tatouage,"tatouage"
ui.creation.stat_de,"  [dé {de}]"
ui.monde.option,"{nom} : {valeur} (← →)"
ui.monde.opt.monde_cellules,"Taille du monde"
ui.monde.opt.plaques,"Plaques tectoniques"
ui.monde.opt.continentales,"Part de plaques continentales"
ui.monde.opt.terres,"Part de terres émergées"
ui.monde.opt.points_chauds,"Points chauds"
ui.monde.opt.suture,"Largeur des sutures"
ui.monde.d_opt.monde_cellules,"Le côté du monde, en cellules. Un monde plus grand a plus de continents et de mers, et met plus longtemps à se parcourir."
ui.monde.d_opt.plaques,"Le nombre de plaques tectoniques. Peu de plaques : de vastes continents ; beaucoup : des terres morcelées et des archipels."
ui.monde.d_opt.continentales,"La proportion de plaques continentales. Le reste est océanique : c'est ce qui décide s'il y a plus de terre ou plus de mer."
ui.monde.d_opt.terres,"La part de la carte qui émerge. Le seuil des mers se calibre dessus : 0,2 donne un monde d'îles, 0,6 un monde de continents."
ui.monde.d_opt.points_chauds,"Les points chauds volcaniques, qui posent des îles au milieu des océans."
ui.monde.d_opt.suture,"La largeur des sutures entre plaques : chaînes de montagnes quand deux continents se rencontrent, fosses sinon."
ui.monde.apercu,"Le monde entier — mers, côtes et reliefs ; la croix marque la cellule de départ."
ui.monde.opt.monde_ratio,"Proportion du monde (haut/large)"
ui.monde.d_opt.monde_ratio,"La forme de la carte : 0,50 donne un rectangle deux fois plus large que haut, comme une carte du monde ; 1,00 un carré."
item.gourde_eau.name,Gourde d'eau
ui.soif,"soif {soif}"
barre.soif,Soif
option.boire,Boire
journal.boit,"{nom} boit — soif {soif}"
journal.boit_eau_libre,"{nom} boit à même l'eau — soif {soif}"
journal.soif_conseil,"{nom} a la gorge sèche : il faudrait boire"
journal.soif_stats,"{nom} est déshydraté : ses forces le quittent"
journal.assoiffe,"{nom} n'a plus une goutte"
journal.deshydratation,"{nom} souffre de la soif (−{n} PV)"
journal.effroi_proche_mort,"{nom} a frôlé la mort : la peur ne le quitte pas"
journal.effroi_allie_mort,"{nom} a vu tomber un des siens : il tremble encore"
volet.mal.effroi,"EFFRAYÉ ({n})"
journal.fatigue_1,"{nom} bâille : il faudrait dormir"
journal.fatigue_2,"{nom} tombe de fatigue : ses forces le quittent"
journal.fatigue_3,"{nom} est épuisé : il ne tient plus debout"
volet.mal.fatigue_1,"FATIGUÉ"
volet.mal.fatigue_2,"EXTÉNUÉ"
volet.mal.fatigue_3,"ÉPUISÉ"
journal.rien_a_boire,Il n'y a rien à boire ici.
journal.famine,"{nom} meurt de faim : −{n} PV"
objet.inconnu.consommable,"Fiole {apparence}"
objet.inconnu.gemme,"Gemme {apparence}"
objet.inconnu.objet,"Objet {apparence}"
apparence.trouble,"trouble"
apparence.irisee,"irisée"
apparence.fumeuse,"fumeuse"
apparence.laiteuse,"laiteuse"
apparence.sombre,"sombre"
apparence.petillante,"pétillante"
apparence.terne,"terne"
apparence.ambree,"ambrée"
journal.identifie,"C'était {objet}."
competence.escalade.name,"Escalade"
competence.nage.name,"Nage"
journal.escalade,"{nom} escalade ({n} ticks)"
journal.nage,"{nom} nage ({n} ticks)"
dungeon_theme.bois.name,"Ronceraie"
dungeon_theme.feu.name,"Fournaise"
dungeon_theme.terre.name,"Terrier"
dungeon_theme.metal.name,"Mine hantée"
dungeon_theme.eau.name,"Noyade"

ui.carte.survol_donjon,"  ·  {nom} ({element}) — niveau {niveau}, {etages} étages, corruption {corruption} %"
journal.donjon_corrompu,"La corruption vous happe : {nom} ({element}) — niveau {n}, {etages} étages, corruption {corruption} %."
journal.gouffre_depart,"Tu descends dans le gouffre de {region}. Il n’a pas de fond."
ui.mode.donjon_corrompu," · corrompu, niveau {n} ({corruption} %)"
ui.inventaire.fiche,"— LE PORTEUR —"
ui.inventaire.charge,"Charge {poids} / {capacite}"
ui.inventaire.or,"Or {or}"
ui.inventaire.niveaux,"Combat {combat} · Général {general}"
journal.repousse_corruption,"La corruption tient encore la cellule : vous ressortez à côté."
pose.repos.name,"Repos"
pose.marche.name,"Marche"
pose.attaque.name,"Attaque"
pose.sort.name,"Sort"
pose.garde.name,"Garde"
pose.sommeil.name,"Sommeil"
pose.mort.name,"Mort"
ui.creation.pose_l,"Pose : {action} (← → · Entrée : articuler)"
ui.creation.d_pose,"Choisissez une action, puis articulez le personnage : clic sur un membre, glissez pour le faire pivoter (ou ← →). La pose est rejouée en jeu quand il fait cette action."
ui.pose.editer,"ARTICULER — {action} · clic sur un membre, glisser pour pivoter · Entrée : garder · Échap : annuler"
ui.pose.segment,"membre : {nom}"
ui.apparence.machoire,"Mâchoire"
ui.apparence.menton,"Menton"
ui.apparence.pommettes,"Pommettes"
ui.apparence.oreilles,"Oreilles"
ui.apparence.implantation,"Implantation"
ui.apparence.paupieres,"Paupières"
ui.apparence.val.carree_m,"carrée"
ui.apparence.val.lourde,"lourde"
ui.apparence.val.rond,"rond"
ui.apparence.val.pointu,"pointu"
ui.apparence.val.fendu,"fendu"
ui.apparence.val.basses,"basses"
ui.apparence.val.hautes,"hautes"
ui.apparence.val.saillantes,"saillantes"
ui.apparence.val.rondes,"rondes"
ui.apparence.val.pointues,"pointues"
ui.apparence.val.longues,"longues"
ui.apparence.val.collees,"collées"
ui.apparence.val.droite,"droite"
ui.apparence.val.en_pointe,"en pointe"
ui.apparence.val.degarnie,"dégarnie"
ui.apparence.val.ouvertes,"ouvertes"
ui.apparence.val.lourdes,"lourdes"
ui.apparence.val.plissees,"plissées"
ui.apparence.largeur_visage,"Largeur du visage"
ui.apparence.ecart_yeux,"Écartement des yeux"
ui.apparence.hauteur_yeux,"Hauteur des yeux"
ui.apparence.longueur_nez,"Longueur du nez"
ui.apparence.largeur_bouche,"Largeur de la bouche"
ui.creation.curseur_l,"{nom} : {valeur} (← →)"
ui.creation.d_curseur,"Un réglage continu du visage : ← → l'ajustent par petits pas. C'est ce qui sépare deux visages qui ont pourtant les mêmes traits."
ui.creation.volet_personnage,"Personnage"
ui.creation.volet_apparence,"Apparence"
ui.creation.volet_pose,"Pose"
ui.creation.volet_serments,Serments
ui.creation.serment_l,"{jure} {nom} — {desc}"
ui.creation.d_volet,"Les trois volets de la création : le personnage (nom, race, classe, stats, départ), son apparence (traits et réglages du visage), ses poses. ← → change de volet."
creature.bison.name,Bison
creature.blaireau.name,Blaireau
creature.bousier.name,Bousier
creature.canard_sauvage.name,Canard sauvage
creature.castor.name,Castor
creature.cheval_sauvage.name,Cheval sauvage
creature.coccinelle.name,Coccinelle
creature.corbeau.name,Corbeau
creature.ecureuil.name,Écureuil
creature.escargot.name,Escargot
creature.fourmi_ouvriere.name,Fourmi ouvrière
creature.grillon.name,Grillon
creature.herisson.name,Hérisson
creature.heron.name,Héron
creature.hibou.name,Hibou
creature.libellule.name,Libellule
creature.lievre.name,Lièvre
creature.loutre.name,Loutre
creature.luciole.name,Luciole
creature.marmotte.name,Marmotte
creature.mouflon.name,Mouflon
creature.papillon.name,Papillon
creature.perdrix.name,Perdrix
creature.phoque.name,Phoque
creature.pie.name,Pie
creature.sauterelle.name,Sauterelle
creature.taupe.name,Taupe
creature.ver_de_terre.name,Ver de terre
item.carapace.name,Carapace
item.corne.name,Corne
item.plume.name,Plume
journal.mine_depart,Vous ouvrez un puits sous votre terre. La mine commence.
journal.puits_creuse,Le puits perce le plancher : étage {etage} de la mine.
journal.puits_hors_claim,On ne creuse que sous une cellule qui vous appartient.
journal.puits_epuise,Vous n'avez plus l'endurance de percer un puits.
option.puits,Creuser un puits
ui.mine,"MINE · étage {etage} · creusez ; sur place, creusez un puits pour descendre"
ui.mode.mine,MINE — le temps n'avance qu'à l'action
station.tannerie.name,Tannerie
station.billot_de_boucher.name,Billot de boucher
sous_categorie.peau.name,Peau
sous_categorie.os.name,Os
sous_categorie.fibre.name,Fibre
sous_categorie.carapace.name,Carapace
sous_categorie.organe.name,Organe
sous_categorie.liant.name,Liant
sous_categorie.ecorce.name,Écorce
sous_categorie.eau.name,Eau
sous_categorie.huile.name,Huile
sous_categorie.toxique.name,Toxique
sous_categorie.organique.name,Organique
sous_categorie.minerai.name,Minerai
sous_categorie.combustible.name,Combustible
sous_categorie.sel.name,Sel
slotc.monture,monture
functionality.fronde.name,Fronde
functionality.arbalete.name,Arbalète
functionality.pistolet.name,Pistolet
functionality.javelot.name,Javelot
functionality.couteau_de_jet.name,Couteau de jet
functionality.hachette_de_jet.name,Hachette de jet
item.craft_fronde.name,Fronde
item.craft_arbalete.name,Arbalète
item.craft_pistolet.name,Pistolet
item.craft_javelot.name,Javelots
item.craft_couteau_de_jet.name,Couteaux de jet
item.craft_hachette_de_jet.name,Hachettes de jet
item.craft_billes.name,Billes
item.craft_carreaux.name,Carreaux
item.craft_balles.name,Balles
competence.fronde.name,Fronde
competence.jet.name,Armes de jet
competence.armes_a_poudre.name,Armes à poudre
journal.jet_dernier,"{nom} lance son dernier {arme} : la main est vide."
functionality.hache_d_armes.name,Hache d'armes
item.craft_hache_d_armes.name,Hache d'armes
functionality.marteau_de_guerre.name,Marteau de guerre
item.craft_marteau_de_guerre.name,Marteau de guerre
functionality.fleau.name,Fléau
item.craft_fleau.name,Fléau
functionality.rapiere.name,Rapière
item.craft_rapiere.name,Rapière
functionality.sabre.name,Sabre
item.craft_sabre.name,Sabre
functionality.baton.name,Bâton
item.craft_baton.name,Bâton
functionality.fouet.name,Fouet
item.craft_fouet.name,Fouet
competence.baton.name,Bâton
competence.fouet.name,Fouet
functionality.orbe.name,Orbe
item.craft_orbe.name,Orbe
functionality.sceptre.name,Sceptre
item.craft_sceptre.name,Sceptre
functionality.baguette.name,Baguette
item.craft_baguette.name,Baguette
functionality.grimoire_de_main.name,Grimoire de main
item.craft_grimoire_de_main.name,Grimoire de main
functionality.talisman.name,Talisman
item.craft_talisman.name,Talisman
item.craft_gambison.name,Gambison
component.garde.name,Garde
component.contrepoids.name,Contrepoids
component.corde.name,Corde
component.doublure.name,Doublure
component.sertissure.name,Sertissure
slotc.garde,garde
slotc.contrepoids,contrepoids
slotc.corde,corde
slotc.doublure,doublure
slotc.sertissure,sertissure
item.craft_tunique.name,Tunique
item.craft_chausses.name,Chausses
item.craft_capuche.name,Capuche
item.craft_manchettes.name,Manchettes
item.craft_chaussons.name,Chaussons
item.craft_robe.name,Robe
item.craft_coiffe.name,Coiffe
item.craft_etole.name,Étole
component.etoffe.name,Étoffe
construction.tissu.nom,tissu
construction.matelasse.nom,matelassée
construction.cuir.nom,cuir
construction.mailles.nom,mailles
construction.ecailles.nom,écailles
construction.rituel.nom,rituel
functionality.luth.name,Luth
item.craft_luth.name,Luth
functionality.tambour.name,Tambour
item.craft_tambour.name,Tambour
functionality.cor.name,Cor
item.craft_cor.name,Cor
functionality.stylet.name,Stylet
item.craft_stylet.name,Stylet
functionality.sarbacane.name,Sarbacane
item.craft_sarbacane.name,Sarbacane
functionality.arc_long.name,Arc long
item.craft_arc_long.name,Arc long
functionality.hallebarde.name,Hallebarde
item.craft_hallebarde.name,Hallebarde
functionality.pavois.name,Pavois
item.craft_pavois.name,Pavois
competence.musique.name,Musique
competence.precision.name,Précision
competence.hast.name,Armes d'hast
classe_mere.guerrier.name,Guerrier
classe_mere.rodeur.name,Rôdeur
classe_mere.mage.name,Mage
classe_mere.sentinelle.name,Sentinelle
classe_mere.erudit.name,Érudit
classe_mere.meneur.name,Meneur
competence.escrime.name,Escrime
item.craft_pique.name,Pique
functionality.flute.name,Flûte
item.craft_flute.name,Flûte
functionality.vielle.name,Vielle
item.craft_vielle.name,Vielle
functionality.cymbales.name,Cymbales
item.craft_cymbales.name,Cymbales
competence.armes_a_chaine.name,Armes à chaîne
monnaie.sang_froid,sang-froid
journal.sang_froid_rompu,"{nom} perd son sang-froid : {deficit} manquants, {degats} PV"
barre.sang_froid,Sang-froid
journal.onde_sonore,"{nom} fait résonner {arme} : {n} corps pris dans l’onde"
status.visee.name,Visée
status.point_faible.name,Point faible
status.lu.name,Lu
status.aux_aguets.name,Aux aguets
journal.capacite_trop_grande,"ça ne rentre pas dans la grille : {demande} cases pour {cases} ({manque} de trop)"
ui.composeur.grille,Grille de l’arme tenue
ui.composeur.grille_ok,ça rentre — {demande}/{cases} cases
ui.composeur.grille_ko,ça ne rentre pas — {demande} cases pour {cases}
ui.composeur.grille_voie,la voie : {stat}
ui.composeur.mains_nues,mains nues
ui.composeur.ne_rentre_pas,"cette pièce ne rentre pas là"
ui.composeur.rotation,rotation {n} — R pour tourner
grille.bloc_1.name,Bloc du guerrier
grille.bloc_2.name,Grand bloc
grille.bloc_3.name,Bloc entier
grille.lame_1.name,Lame
grille.lame_2.name,Lame large
grille.lame_3.name,Lame longue
grille.colonne_1.name,Colonne
grille.colonne_2.name,Haute colonne
grille.colonne_3.name,Colonne double
grille.croix_1.name,Croix du mage
grille.croix_2.name,Grande croix
grille.croix_3.name,Croix entière
grille.ligne_1.name,Ligne du tireur
grille.ligne_2.name,Longue ligne
grille.ligne_3.name,Ligne à talon
grille.cercle_1.name,Cercle du barde
grille.cercle_2.name,Grand cercle
grille.cercle_3.name,Cercle plein
grille.poche.name,Grille de poche
journal.grille_apprise,{nom} apprend une grille : {grille}
journal.grille_choisie,{nom} compose sur : {grille}
ui.composeur.grilles,Grilles possédées
item.trame.name,Trame — {grille}
journal.grille_deja,{nom} connaît déjà cette grille : {grille} — la trame reste au sac
journal.trame_lue,{nom} lit une trame et apprend une grille : {grille}
status.armure_fendue.name,Armure fendue
status.cloue.name,Cloué
status.rempart.name,Rempart
status.souffle_long.name,Souffle long
status.desequilibre.name,Déséquilibre
status.jambe_touchee.name,Jambe touchée
status.tete_baissee.name,Tête baissée
status.embuscade.name,Embuscade
ui.composeur.sequence_vide,(rien encore)
ui.composeur.grille_arme,grille de l’arme tenue
ui.composeur.etapes,Étapes
functionality.pique.name,Pique
item.craft_flechettes.name,Fléchettes
module.affinite.desc,la cible porte l'élément désigné
module.marquee.desc,"la cible porte une **Marque** : **+2 dés**, et la marque est **consommée**"
module.prise.desc,la cible est saisie ou en lévitation
module.heure.desc,selon le [[Cycle jour-nuit et sommeil]]
module.terroir.desc,le lieu porte l'élément du noyau
module.ombre.desc,le lanceur est Dissimulé
module.alignement.desc,"la cible est **alignée** avec le lanceur — même ligne, même colonne ou même diagonale : **+1 dé**"
module.angle_mort.desc,frappe de dos ou de flanc — le plus gros bonus du jeu
module.pied_ferme.desc,le lanceur n'a pas bougé depuis 20 ticks
module.a_l_impact.desc,la charge qui suit part quand le noyau précédent touche
module.derobade.desc,la charge part **quand le porteur esquive**
module.riposte.desc,la charge part **quand le porteur est touché**
module.testament.desc,"la charge part **quand le porteur tombe** — gratuite, il ne paiera pas les ticks"
module.cadence.desc,la charge part **tous les N emplois** de la capacité (2 à 5)
module.anneau.desc,"tout autour d'une tuile, **sans toucher le centre**"
module.arc.desc,"le **revers** de la cible : les tuiles à distance exacte, du côté opposé au lanceur"
module.carre.desc,"zone pleine, centre compris — **friendly fire intégral**"
module.colonne.desc,toute la **hauteur** d'une tuile — touche ce qui vole et ce qui est en contrebas
module.cone.desc,"s'élargit avec la distance, 3 tuiles de profondeur"
module.croix.desc,les quatre axes depuis une tuile
module.diagonale.desc,les quatre obliques — le complément de la Croix
module.ligne.desc,traverse tout sur 4 tuiles en ligne droite
module.mur.desc,une ligne **perpendiculaire** à la visée — barre un couloir
module.nuee.desc,"4 tuiles **aléatoires** dans le rayon — imprévisible, bon marché"
module.point.desc,"une seule cible — gratuite en ticks, la forme par défaut"
module.soi.desc,sur soi-même — **rend 2 ticks**
module.tuile.desc,"au sol, sans cible vivante — la forme des glyphes et des zones"
module.meute.desc,la charge s'applique aussi depuis la position de ton **compagnon** ([[Compagnons]])
module.propagation.desc,"se propage **de proche en proche** tant qu'elle touche, −1 dé par pas"
module.salve.desc,"lance **3 charges simultanées** à 60 %, réparties dans la forme"
module.alternance.desc,alterne entre les **deux noyaux suivants** à chaque emploi
module.boucle.desc,"rejoue tant qu'il reste de la ressource, **−1 dé** cumulé par tour de boucle"
module.sans_trace.desc,la capacité **ne révèle pas** son lanceur — reste Dissimulé après le coup
module.detonation.desc,"×2 dégâts contre les **invocations, tourelles, bombes et barrières**"
module.emprise.desc,toute cible touchée ne peut plus se déplacer 10 ticks
module.erosif.desc,"**érosion** : un quart des dégâts infligés rogne aussi les **PV max** de la cible, jusqu'à la fin du combat"
module.evasement.desc,"transforme une Ligne en Cône, ou un Anneau en Carré"
module.tracant.desc,la charge **suit** la cible : ignore le couvert et les obstacles
module.canalisation.desc,+1 dé **par tranche de 5 ticks** passés immobile avant de lâcher
module.concentration.desc,+1 dé
module.ampleur.desc,taille de la forme +1
module.frappe.desc,"les dégâts de l'arme équipée, à son élément et à ses ticks"
module.marque.desc,**marque** la cible 60 ticks — une condition *Marquée* la consomme pour frapper plus fort
module.ecaille_elementaire.desc,"immunité **totale** à un élément au choix, 30 ticks — vulnérabilité +50 % à l'élément qu'il domine"
module.bruine.desc,charge légère de Eau — le noyau de la chaîne rapide
module.etincelle.desc,charge légère de Feu — le noyau de la chaîne rapide
module.brasier.desc,charge lourde de Feu — un seul emploi coûte deux tours d'épée
module.flamme.desc,charge standard de Feu
module.gel.desc,charge standard de Eau
module.poussee.desc,repousse de 2 tuiles
module.retour.desc,"revient instantanément à l'**Ancre** — 3 ticks, l'échappatoire la moins chère du jeu"
module.trempe.desc,"chauffe l'arme équipée : **+1 dé** et son élément passe à Feu, 60 ticks"
module.baume.desc,soin instantané
module.renaissance.desc,rappelle un compagnon dont l'âme est portée
module.balise.desc,"tuile marquée : les capacités du porteur y gagnent **+1 dé**, 80 ticks"
module.barriere.desc,"occupe la tuile et bloque le passage, 50 ticks"
module.bombe.desc,pose une charge qui explose après N ticks et **amorce les bombes adjacentes** — friendly fire intégral
module.cataclysme.desc,"creuse un cratère : −4 niveaux, chute, toute l'endurance, une fois par combat"
module.echo_de_chair.desc,invoque une créature alliée temporaire — occupe une tuile
module.feu_follet.desc,"invoque un **feu follet** par tuile libre de la forme : il crache des flammèches à 4 tuiles, 60 ticks"
module.nappe.desc,"la tuile devient glissante (friction 5) — glisse, chute, propage la foudre"
module.racine.desc,"la tuile entrave ce qui s'y arrête, 50 ticks"
module.sol_vif.desc,"la tuile blesse ce qui la traverse, 50 ticks"
module.voile_de_brume.desc,"coupe la ligne de vue dans la zone, 60 ticks"
module.contact.desc,la tuile adjacente : il faut être là
module.en_ligne.desc,"uniquement les cases **alignées** avec le lanceur — se placer, pas payer"
module.jet_court.desc,"jusqu'à trois tuiles, à vue"
module.jet_long.desc,"jusqu'à six tuiles, à vue — le temps de viser"
module.sur_soi.desc,sur soi — aucune distance
module.zigzag.desc,les cases **en escalier** : les deux écarts ne diffèrent que d'un
famille.arme.name,Arme
famille.cible.name,Cible
famille.cibles.name,Cibles
famille.controle.name,Contrôle
famille.corps.name,Corps
famille.discretion.name,Discrétion
famille.defense.name,Défense
famille.degats_lourd.name,Dégâts · lourd
famille.degats_leger.name,Dégâts · léger
famille.degats_moyen.name,Dégâts · moyen
famille.effet.name,Effet
famille.espace.name,Espace
famille.forme.name,Forme
famille.formes.name,Formes
famille.information.name,Information
famille.minuterie.name,Minuterie
famille.monde.name,Monde
famille.porteur.name,Porteur
famille.portee.name,Portée
famille.position.name,Position
famille.puissance.name,Puissance
famille.rejeu.name,Rejeu
famille.ressource.name,Ressource
famille.soin.name,Soin
famille.taille.name,Taille
famille.tempo.name,Tempo
famille.terrain.name,Terrain
famille.element.name,Élément
famille.equipement.name,Équipement
famille.evenement.name,Événement
ui.ecran.engager,Engager pour la base ({or} or) (E)
journal.engage,{nom} part s'installer à la base ({or} or)
journal.engager_or,Il faut {or} or pour engager quelqu'un
journal.pas_de_base,Aucune cellule revendiquée : personne ne peut s'y installer
journal.migrant,{nom} arrive s'installer à la base
ui.gestion.loge,logé
ui.gestion.sans_lit,sans lit (humeur −15)
ui.gestion.compagnon,"compagnon : {nom} — {ordre} · PV {sante}/{sante_max}"
ui.gestion.compagnon_aide,Choisir : suis-moi ⇄ attends ici
journal.renvoye,{nom} est renvoyé : il redevient villageois
perimetre.bois.name,bois
perimetre.minerai.name,minerai
perimetre.plantes.name,plantes sauvages
ui.gestion.perimetre,"  {type} · {stockage} · richesse {richesse} · {n} assigné(s)"
ui.gestion.perimetre_aide,P : changer le type · S : son stockage (à tour de rôle) · assigne des résidents dessus depuis leur fiche
ui.gestion.perimetre_touche,Choisir : un périmètre de récolte sur cette cellule (bois → minerai → plantes → aucun)
ui.assigner.perimetre,"{fonction} · périmètre {type} ({x},{y}) · {richesse} tuiles"
journal.perimetre_cree,"Périmètre {type} sur ({x},{y}) : {richesse} tuiles"
journal.perimetre_retire,"Le périmètre de ({x},{y}) est retiré"
perimetre.residentiel.name,résidentiel
ui.perimetre.titre,PÉRIMÈTRE — quel type ? Puis deux clics sur la carte
ui.prix.or,{n} or
ui.perimetre.aide,Entrée : choisir ce type, puis cliquer les deux coins du rectangle
journal.perimetre_dessin,Périmètre {type} : clique les deux coins
journal.perimetre_hors_claim,Le périmètre doit être sur une cellule revendiquée
journal.maison_batie,"Une chaumière est bâtie pour {nom} en ({x},{y})"
journal.maison_pas_de_place,Pas de place dans le résidentiel pour loger {n} résident(s)
journal.maison_pas_de_materiaux,Pas assez de matériaux au stock pour loger {nom}
perimetre.stockage.name,stockage
ui.gestion.stockage_capacite,place {reste}/{capacite}
ui.gestion.stockage_vers,stockage en {cellule}
ui.gestion.sans_stockage,SANS STOCKAGE : le poste ne produit pas tant qu'aucun stockage ne lui est désigné (S)
ui.gestion.sans_stockage_court,SANS STOCKAGE
ui.gestion.residentiel_place,place pour ≈ {n} chaumière(s)
ui.gestion.residentiel_detail,"une chaumière = {w}×{h} = {t} tuiles : compte {t} tuiles libres par habitant à loger"
ui.gestion.stockage_vers_court,→ {cellule}
journal.poste_sans_stockage,{nom} n'a pas de stockage où ranger sa récolte : rien cette semaine
journal.stockage_plein,"Le stockage en ({x},{y}) est plein : le surplus est perdu"
ui.gestion.perimetre_detail,"richesse = tuiles de ressource du périmètre · réserve {reserve} · matière dominante : {dominant}"
ui.feuille.grilles,Grilles de composition
ui.feuille.grille,  {nom} ({cases} cases){active}
ui.feuille.grille_active, · celle où l'on compose
ui.feuille.modules,modules connus : {n}
ui.echange.volet_joueur,"TON SAC — {n} objet(s) · {or} or"
ui.echange.volet_marchand,"{nom} — À VENDRE (Entrée : acheter · à toi : vendre)"
ui.echange.volet_autre,"{nom} — SON SAC (Entrée : reprendre · à toi : donner)"
ui.echange.col_prix,Prix
ui.echange.aide,T : trier · Tab : l'autre volet · Entrée : l'action du volet
tag.ame,âme
tag.arme,arme
tag.armure,armure
tag.assemble,assemblé
tag.bijou,bijou
tag.bombe,bombe
tag.bouclier,bouclier
tag.buisson,buisson
tag.champignon,champignon
tag.composant,composant
tag.consommable,consommable
tag.craft,artisanat
tag.culture,culture
tag.decorative,décoratif
tag.dos,dos
tag.elevage,élevage
tag.empilable,empilable
tag.fortune,de fortune
tag.gemme,gemme
tag.grimoire,grimoire
tag.herbe,herbe
tag.ingredient,ingrédient
tag.jet,de jet
tag.livre,livre
tag.loot,butin
tag.lumiere,lumière
tag.magique,magique
tag.manuel,manuel
tag.materiau,matériau
tag.meuble,meuble
tag.module_unique,module unique
tag.munition,munition
tag.outil,outil
tag.parchemin,parchemin
tag.partie,partie
tag.plan,plan
tag.plat,plat
tag.portative,portative
tag.posable,posable
tag.potion,potion
tag.prototype,prototype
tag.rituel,rituel
tag.sac,sac
tag.soin,soin
tag.specimen,spécimen
tag.station,station
tag.trame,trame
tag.vetement,vêtement
tag.viande,viande
journal.quitte_territoire,{nom} quitte le territoire
hud.compagnons,compagnons
hud.compagnon_hors_vue,hors de vue
hud.compagnon_mort,à terre
ui.menu.volet,Volet latéral : afficher / masquer (F4)
volet.corps,CORPS
volet.corps_sans_plan,(pas de plan de corps)
volet.en_main,EN MAIN
volet.pv,"PV {n}/{max}"
volet.vig,"Vig {n}/{max}"
volet.mana,"Man {n}/{max}"
volet.sf,"SF {n}/{max}"
volet.mal.faim,"AFFAMÉ ({n})"
volet.mal.soif,"ASSOIFFÉ ({n})"
volet.mal.charge,"SURCHARGÉ {poids}/{capacite}"
volet.usure," — usé {n} %"
partie.court.torse,Torse
partie.court.tete,Tête
partie.court.bras_D,Bras D
partie.court.bras_G,Bras G
partie.court.main_D,Main D
partie.court.main_G,Main G
partie.court.jambe_D,Jbe D
partie.court.jambe_G,Jbe G
partie.court.pied_D,Pied D
partie.court.pied_G,Pied G
volet.monde,MONDE
volet.personnage,PERSONNAGE
volet.compagnons,COMPAGNONS
volet.journal,JOURNAL
volet.inventaire,INVENTAIRE — {n} objet(s)
volet.heure,"{heure} · {phase} · jour {jour}"
volet.saison,"{saison} · {meteo} · {temp} °C"
volet.lieu_camp,"cellule ({x},{y}) · {biome}"
volet.corruption,corruption {n} %
volet.lieu_donjon,"{theme} · étage {etage}/{etages}"
volet.horloge_donjon,horloge {ticks}
volet.arme,en main : {arme}
piste.element,élément
piste.competence,compétence
piste.type,type d'attaque
piste.construction,armure
ui.ecran.recruter_prix,Recruter ({prix} or)
journal.recrutement_prix,{nom} demande {prix} pièces d'or pour te suivre.
calendrier.date,"{jour_semaine}, {jour_mois} {mois}, an {annee}"
calendrier.jour.soleil,jour du Soleil
calendrier.jour.lune,jour de la Lune
calendrier.jour.feu,jour du Feu
calendrier.jour.eau,jour de l'Eau
calendrier.jour.bois,jour du Bois
calendrier.jour.metal,jour du Métal
calendrier.jour.terre,jour de la Terre
calendrier.mois.rat,du Rat
calendrier.mois.boeuf,du Bœuf
calendrier.mois.tigre,du Tigre
calendrier.mois.lapin,du Lapin
calendrier.mois.dragon,du Dragon
calendrier.mois.serpent,du Serpent
calendrier.mois.cheval,du Cheval
calendrier.mois.chevre,de la Chèvre
calendrier.mois.singe,du Singe
calendrier.mois.coq,du Coq
calendrier.mois.chien,du Chien
calendrier.mois.cochon,du Cochon
calendrier.fete.nouvel_an,le Nouvel An
calendrier.fete.semailles,la fête des Semailles
calendrier.fete.moissons,la fête des Moissons
calendrier.fete.lanternes,la fête des Lanternes
calendrier.fete.yule,Yule
calendrier.fete.saturnales,les Saturnales
calendrier.fete.samain,Samain
calendrier.fete.hanami,Hanami
calendrier.fete.kupala,la nuit de Kupala
calendrier.fete.yennayer,Yennayer
journal.date,"— {date} —"
journal.fete,"Aujourd'hui, c'est {fete} : on fait la fête sur la place"
journal.marche,"C'est jour de marché à {village} : les étals sont pleins et les prix baissent"
ui.date,{date}
volet.date,{date}
dialogue.fete.text,"Vous tombez bien : c'est jour de fête. Venez donc sur la place !"
dialogue.marche.text,"C'est jour de marché : les étals sont pleins, profitez des prix."
dialogue.anniversaire.text,"Aujourd'hui, c'est mon anniversaire… une année de plus."
function.maire.name,Maire
function.seigneur.name,Seigneur
function.syndic.name,Syndic
function.commandant.name,Commandant
palier.hameau,hameau
palier.village,village
palier.bourg,bourg
palier.ville,ville
palier.cite,cité
quartier.centre,le centre
quartier.residentiel,le quartier résidentiel
quartier.artisanal,le quartier des artisans
quartier.marchand,le quartier marchand
quartier.agricole,les faubourgs agricoles
journal.ville,"{palier} : {nom} — {quartier} ({population} habitants)"
journal.ville_territoire,"{nom} tient ses comptes : {n} résidents, {perimetres} périmètres"
perimetre.champs.name,champs
journal.recolte_champs,"Les champs ont donné {n} récolte(s) : {plantes}"
journal.betail_produit,"Le bétail a donné {n} unité(s) : {produits}"
creature.marchand_itinerant.name,Marchand itinérant
dialogue.itinerant.text,"Je viens d’une autre ville, par la route : mes prix sont ceux de là-bas. Regardez mon étal avant que je reparte au soir."
journal.itinerant_arrive,"Un marchand itinérant venu de {origine} tient l’étal au marché de {ville}"
journal.itinerant_part,"Le marchand itinérant de {origine} a repris la route"
journal.taxe_royaume,"{ville} verse {n} or à son royaume"
creature.train.name,Train
creature.caleche.name,Calèche
creature.vehicule.name,Véhicule
tile_content.rail.name,rails
tile_content.quai.name,quai
dialogue.train.text,"Le train siffle à quai. On monte, ou on le regarde partir."
dialogue.caleche.text,"Le cocher tient les rênes : « Quel quartier ? »"
ui.ecran.train_vers,"Prendre le train vers {ville} ({prix} or)"
ui.ecran.caleche_vers,"Prendre la calèche vers {quartier} ({prix} or)"
ui.ecran.monter,Monter {nom}
ui.ecran.descendre,Descendre de sa monture
ui.ecran.acheter_monture,Acheter une monture ({prix} or)
journal.train_arrive,Le train entre en gare de {ville}
journal.train_part,Le train quitte {ville}
journal.train_voyage,{nom} prend le train pour {ville} ({prix} or)
journal.caleche_voyage,{nom} prend la calèche ({prix} or)
journal.monte,{nom} monte {monture}
journal.descend,{nom} descend de {monture}
journal.descend_combat,{nom} met pied à terre pour se battre
journal.monture_achetee,{nom} achète {monture} pour {prix} or
journal.transport_or,Pas assez d’or pour le voyage ({prix} or)
journal.caleche_arrive,Une calèche fait le tour de {ville}
trait.bavard.name,Bavard
dialogue.trait_bavard_1.text,"Ah, vous tombez bien ! Laissez-moi vous raconter ma journée, elle commence à peine et j’en ai déjà pour une heure."
dialogue.trait_bavard_2.text,"On dit que je parle trop. Ceux qui le disent n’ont rien à raconter, voilà tout."
trait.taciturne.name,Taciturne
dialogue.trait_taciturne_1.text,"…"
dialogue.trait_taciturne_2.text,"Oui. Non. Peut-être."
trait.avare.name,Avare
dialogue.trait_avare_1.text,"Chaque pièce compte. Chaque. Pièce."
dialogue.trait_avare_2.text,"Vous voulez un prix ? Il est déjà trop bas."
trait.genereux.name,Généreux
dialogue.trait_genereux_1.text,"Prenez, prenez : ce qu’on donne, on l’a encore."
dialogue.trait_genereux_2.text,"Si vous avez faim, il y a toujours une assiette ici."
trait.mefiant.name,Méfiant
dialogue.trait_mefiant_1.text,"Qu’est-ce que vous voulez, au juste ?"
dialogue.trait_mefiant_2.text,"Je ne vous connais pas. Restez où je vous vois."
trait.jovial.name,Jovial
dialogue.trait_jovial_1.text,"Belle journée, non ? Toutes le sont, à bien y regarder."
dialogue.trait_jovial_2.text,"Rien qu’un rire ne répare, foi de moi !"
trait.curieux.name,Curieux
dialogue.trait_curieux_1.text,"D’où venez-vous ? Qu’avez-vous vu ? Racontez !"
dialogue.trait_curieux_2.text,"J’aimerais lire tout ce qui s’écrit, et il s’en écrit tant."
trait.pieux.name,Pieux
dialogue.trait_pieux_1.text,"Que les esprits du lieu vous gardent."
dialogue.trait_pieux_2.text,"J’ai prié ce matin pour de la pluie. Nous verrons."
trait.ambitieux.name,Ambitieux
dialogue.trait_ambitieux_1.text,"Un jour, ce quartier portera mon nom."
dialogue.trait_ambitieux_2.text,"Je ne suis pas là pour rester ce que je suis."
trait.paresseux.name,Paresseux
dialogue.trait_paresseux_1.text,"Demain. Tout ça peut attendre demain."
dialogue.trait_paresseux_2.text,"Le travail ne s’enfuit pas, lui. Moi, je me repose."
trait.courageux.name,Courageux
dialogue.trait_courageux_1.text,"Un loup dans les champs ? Donnez-moi une fourche."
dialogue.trait_courageux_2.text,"La peur, c’est pour les autres. Je regarde ce qui vient."
trait.peureux.name,Peureux
dialogue.trait_peureux_1.text,"Vous avez entendu ? Là, dehors… non ? Vraiment ?"
dialogue.trait_peureux_2.text,"Je ne sors pas la nuit. Jamais."
trait.grincheux.name,Grincheux
dialogue.trait_grincheux_1.text,"Quoi encore."
dialogue.trait_grincheux_2.text,"Le monde était mieux avant. Je ne sais plus avant quoi."
trait.gourmand.name,Gourmand
dialogue.trait_gourmand_1.text,"Vous sentez ? Du pain chaud. Excusez-moi."
dialogue.trait_gourmand_2.text,"Un bon repas, et la journée est sauvée."
trait.leve_tot.name,Lève-tôt
dialogue.trait_leve_tot_1.text,"Debout avant le soleil, comme tous les jours."
dialogue.trait_leve_tot_2.text,"Le matin appartient à qui le prend."
histoire.natal.text,"{prenom} est né ici, à {ville}, et n’en est jamais parti."
histoire.metier_pere.text,"{prenom} a repris le métier de son père : {metier}, comme lui."
histoire.venu_de_loin.text,"{prenom} est arrivé de {ville_natale} il y a des années, avec un sac et rien d’autre."
histoire.fermier_terre.text,"Cette terre, {prenom} la travaille depuis l’enfance ; ses mains le disent."
histoire.artisan_forge.text,"{prenom} a appris à l’atelier d’un maître qui ne parlait jamais ; il en a gardé le geste."
histoire.commercant_route.text,"{prenom} a suivi les routes avec des caravanes avant de tenir boutique à {ville}."
histoire.garde_guerre.text,"{prenom} a vu une guerre de près, une seule, et n’en parle pas."
histoire.pretre_vocation.text,"{prenom} a entendu l’appel un soir d’orage ; depuis, il tient l’autel."
histoire.curieux_livres.text,"{prenom} a lu tous les livres de {ville} — il n’y en avait pas tant."
histoire.peureux_loups.text,"Enfant, {prenom} a été pris par les loups une nuit entière ; il en garde une peur qu’il cache mal."
histoire.ambitieux_capitale.text,"{prenom} rêve de la capitale et compte les pièces qui l’y mèneront."
histoire.veuf.text,"{prenom} a perdu quelqu’un il y a longtemps et porte encore son ruban."
souhait.gemme.name,une gemme
souhait.bijou.name,un bijou
souhait.livre.name,un livre
souhait.bonne_arme.name,une bonne arme
souhait.outil.name,un bel outil
souhait.douceur.name,une douceur
souhait.potion.name,une potion
souhait.miel.name,du miel
dialogue.souhait_realise.text,"Je n’oublierai pas ce que vous m’avez offert. Jamais."
dialogue.opinion.aime,"{nom} ? Un brave cœur. Je l’aime bien."
dialogue.opinion.n_aime_pas,"Ne me parlez pas de {nom}. Nous ne nous entendons pas."
dialogue.on_raconte,"On raconte des choses, ces temps-ci…"
dialogue.on_raconte.prefixe,"On raconte que {qui} {fait}. {ton}"
dialogue.on_raconte.rien,Ici, il ne se passe jamais rien.
dialogue.on_raconte.quelqu_un,quelqu'un
dialogue.on_raconte.toi,tu
dialogue.on_raconte.blame,Ça ne se fait pas.
dialogue.on_raconte.approuve,Il en faudrait plus, des comme ça.
dialogue.on_raconte.neutre,Ça ne me regarde pas.
fait.tuer_civil,a tué quelqu'un
fait.frapper_civil,a levé la main sur quelqu'un
fait.tuer_bete,a tué une bête
fait.tuer_bete_paisible,a massacré une bête qui ne demandait rien
fait.abattre_arbre,a abattu un arbre
fait.creuser_roche,a percé la roche
fait.voler,a volé
fait.quete_rendue,a rendu service
dialogue.opinion.personne,"Les gens d’ici ? Je les connais tous, et aucun ne me manque."
ui.ecran.offrir,Offrir un cadeau
ui.ecran.offrir_objet,Offrir : {objet}
ui.fiche.traits,caractère : {traits}
ui.fiche.souhait,souhaite : {souhait} · aime : {cadeaux}
ui.fiche.histoire,{histoire}
ui.fiche.opinions,opinions : {opinions}
ui.fiche.opinion_aime,aime {nom}
ui.fiche.opinion_n_aime_pas,n’aime pas {nom}
journal.cadeau,{nom} reçoit {objet} (+{n} de relation)
journal.souhait_realise,{nom} tenait à {souhait} : c’est chose faite (+{n})
journal.cadeau_refuse,Pas de cadeau à offrir
histoire,(histoire)
opinion,(opinion)
ui.carte.survol_pays," · {dirigeant}, an {an} de l’ère de {ere} · {population} âmes · armée {armee} · humeur {humeur}{guerre}"
ui.carte.guerre, · en guerre avec {autre}
volet.royaume,"{nom} — {gouv} · {dirigeant}, an {an} de l’ère de {ere}"
ui.fiche.blason,blason : {couleur} au {motif}
evenement.disette,Disette au royaume de {royaume} : le peuple gronde
evenement.bonne_recolte,Bonne récolte au royaume de {royaume}
evenement.edit,Édit au royaume de {royaume} : {loi}
evenement.abrogation,Le royaume de {royaume} abroge une loi : {loi}
evenement.fete_du_regne,Fête du règne au royaume de {royaume}
evenement.levee_de_taxes,Le royaume de {royaume} lève de nouvelles taxes
evenement.revolte,Révolte au royaume de {royaume} : le trésor pillé
evenement.guerre,Le royaume de {royaume} déclare la guerre à {autre}
evenement.paix,Paix entre {royaume} et {autre}
evenement.reddition,"{royaume} capitule devant {autre} et lui verse {tribut} pièces de tribut"
evenement.avenement,Un nouveau règne commence au royaume de {royaume} : l’ère de {ere}
dialogue.rumeur_royaume.prefixe,"On dit que… {rumeur}."
dialogue.rumeur_royaume.rien,"Rien de neuf au royaume, et c’est tant mieux."
dialogue.gouv_monarchie_hereditaire.text,"Le roi est le roi. On ne discute pas la pluie non plus."
dialogue.gouv_republique_elue.text,"On a voté au printemps. Je ne dirai pas pour qui."
dialogue.gouv_theocratie.text,"Les prêtres savent ce que le ciel veut. Moi, je sème quand ils le disent."
dialogue.gouv_ploutocratie.text,"Ici, c’est l’or qui parle. Vous avez de quoi parler ?"
dialogue.gouv_dictature_militaire.text,"Le commandant dit : au travail. Alors au travail."
dialogue.gouv_anarchie.text,"Pas de roi, pas de taxes, pas de garde. Ça se paie autrement."
ere.grue.name,la Grue
ere.jade.name,le Jade
ere.lotus.name,le Lotus
ere.dragon_d_azur.name,le Dragon d’azur
ere.bambou.name,le Bambou
ere.phenix.name,le Phénix
ere.fer.name,le Fer
ere.corbeau.name,le Corbeau
ere.givre.name,le Givre
ere.chene.name,le Chêne
ere.loup.name,le Loup
ere.marteau.name,le Marteau
ere.aigle.name,l’Aigle
ere.laurier.name,le Laurier
ere.marbre.name,le Marbre
ere.trident.name,le Trident
ere.louve.name,la Louve
ere.colonne.name,la Colonne
ere.cerf.name,le Cerf
ere.brume.name,la Brume
ere.torque.name,le Torque
ere.if.name,l’If
ere.sanglier.name,le Sanglier
ere.source.name,la Source
ere.cerisier.name,le Cerisier
ere.carpe.name,la Carpe
ere.acier.name,l’Acier
ere.lune.name,la Lune
ere.pin.name,le Pin
ere.vague.name,la Vague
ere.bouleau.name,le Bouleau
ere.ours.name,l’Ours
ere.ambre.name,l’Ambre
ere.faucon.name,le Faucon
ere.blé.name,le Blé
ere.neige.name,la Neige
ere.croissant.name,le Croissant
ere.sable.name,le Sable
ere.palmier.name,le Palmier
ere.faucon_roux.name,le Faucon roux
ere.cuivre.name,le Cuivre
ere.etoile.name,l’Étoile
motif.couronne.name,la couronne
motif.lion.name,le lion
motif.tour.name,la tour
motif.balance.name,la balance
motif.main_ouverte.name,la main ouverte
motif.olivier.name,l’olivier
motif.flamme.name,la flamme
motif.soleil.name,le soleil
motif.oeil.name,l’œil
motif.bourse.name,la bourse
motif.clef.name,la clef
motif.navire.name,le navire
motif.epee.name,l’épée
motif.casque.name,le casque
motif.poing.name,le poing
motif.cercle_brise.name,le cercle brisé
motif.chardon.name,le chardon
motif.vent.name,le vent
on_raconte,(on raconte)
rumeur_royaume,(rumeur)
meuble.escalier.name,escalier
journal.monte_etage,{nom} monte à l’étage {etage}
journal.descend_etage,{nom} redescend
journal.sort_batiment,{nom} ressort dans la rue
ui.etage,{batiment} — étage {etage}
batiment.maison_haute.name,maison haute
batiment.auberge.name,auberge
batiment.atelier.name,atelier
batiment.chateau.name,château
batiment.mairie.name,mairie
journal.majorite,"{nom} est majeur et prend le métier de {metier}"
journal.migration,"{nom} quitte {de} pour {vers}"
ui.carte.en_cours,"la carte se peint… ({n} tranches)"
tile_content.vide.name,Vide
ui.ecran.page_suivante,Page suivante ({n} / {total})
ui.ecran.action_retour,Retour à la liste des objets
ui.ecran.equiper_objet,Équiper
ui.ecran.desequiper,Retirer
ui.ecran.reforger_avec,Reforger avec cet objet comme composant
ui.choix.retour,Retour à la liste
ui.choix.role_suivant,Changer de rôle (base → habitation → champs → ressources naturelles)
ui.choix.perimetre_suivant,Périmètre de récolte suivant (bois → minerai → plantes → aucun)
ui.choix.stockage_suivant,Stockage suivant pour ce poste
ui.choix.reassigner,Réassigner
ui.choix.renvoyer,Renvoyer
ui.choix.ordre_bascule,Suis-moi ⇄ attends ici
ui.choix.retirer_stock,Retirer le stock dans ton sac
ui.choix.accord_suivant,Proposer l'accord suivant (commercial ≥ 20 · non-agression ≥ 40 · alliance ≥ 60 · tribut)
ui.choix.fabriquer,Fabriquer
ui.choix.accepter,Accepter la quête
ui.choix.rendre,Rendre la quête
ui.choix.acheter,Acheter
ui.choix.vendre,Vendre
ui.choix.donner,Donner
ui.choix.reprendre,Reprendre
ui.choix.entrainer,Entraîner
ui.choix.supprimer_capacite,Supprimer la capacité
ui.choix.gouvernance_suivante,Gouvernance suivante
ui.choix.marge_plus,Marge des boutiques +
ui.choix.marge_moins,Marge des boutiques −
journal.betail_naissance,"{n} petit(s) sont nés dans les enclos"
journal.betail_abattu,"{n} bête(s) abattue(s) : viande, cuir et suif aux stocks"
journal.betail_famine,"{n} bête(s) sont mortes de faim — les enclos manquent de fourrage"
meuble.puits.name,Puits
meuble.tombe.name,Tombe
tile_content.verger.name,Verger
tile_content.verger_mur.name,Verger mûr
ui.tombe,"Ci-gît {nom}, {metier} · an {an}"
ui.tombe_effacee,"Une pierre usée, le nom effacé · an {an}"
culture.hellenique.name,Hellénique
titre.hellenique.monarchie_hereditaire.m,Basileus
titre.hellenique.monarchie_hereditaire.f,Basilissa
titre.hellenique.republique.m,Archonte
titre.hellenique.republique.f,Archontesse
titre.hellenique.theocratie.m,Hiérophante
titre.hellenique.theocratie.f,Hiérophantide
titre.hellenique.ploutocratie.m,Naucléros
titre.hellenique.ploutocratie.f,Naucléra
titre.hellenique.dictature.m,Stratège
titre.hellenique.dictature.f,Stratège
titre.hellenique.guilde_maitre.m,Maître de la Stoa
titre.hellenique.guilde_maitre.f,Maîtresse de la Stoa
culture.indienne.name,Indienne
titre.indienne.monarchie_hereditaire.m,Maharaja
titre.indienne.monarchie_hereditaire.f,Maharani
titre.indienne.republique.m,Sabhapati
titre.indienne.republique.f,Sabhapatni
titre.indienne.theocratie.m,Acharya
titre.indienne.theocratie.f,Acharyini
titre.indienne.ploutocratie.m,Seth
titre.indienne.ploutocratie.f,Sethani
titre.indienne.dictature.m,Senapati
titre.indienne.dictature.f,Senapatni
titre.indienne.guilde_maitre.m,Shreshthin
titre.indienne.guilde_maitre.f,Shreshthini
culture.swahili.name,Swahilie
titre.swahili.monarchie_hereditaire.m,Mfalme
titre.swahili.monarchie_hereditaire.f,Malkia
titre.swahili.republique.m,Mwenyekiti
titre.swahili.republique.f,Mwenyekiti
titre.swahili.theocratie.m,Mwalimu Mkuu
titre.swahili.theocratie.f,Mwalimu Mkuu
titre.swahili.ploutocratie.m,Tajiri
titre.swahili.ploutocratie.f,Tajiri
titre.swahili.dictature.m,Jemadari
titre.swahili.dictature.f,Jemadari
titre.swahili.guilde_maitre.m,Fundi Mkuu
titre.swahili.guilde_maitre.f,Fundi Mkuu
culture.persane.name,Persane
titre.persane.monarchie_hereditaire.m,Shah
titre.persane.monarchie_hereditaire.f,Shahbanou
titre.persane.republique.m,Vakil
titre.persane.republique.f,Vakila
titre.persane.theocratie.m,Mobad
titre.persane.theocratie.f,Mobada
titre.persane.ploutocratie.m,Bazargan
titre.persane.ploutocratie.f,Bazargana
titre.persane.dictature.m,Sardar
titre.persane.dictature.f,Sardara
titre.persane.guilde_maitre.m,Ostad
titre.persane.guilde_maitre.f,Ostada
culture.germanique.name,Germanique
titre.germanique.monarchie_hereditaire.m,Kaiser
titre.germanique.monarchie_hereditaire.f,Kaiserin
titre.germanique.republique.m,Burgermeister
titre.germanique.republique.f,Burgermeisterin
titre.germanique.theocratie.m,Hochmeister
titre.germanique.theocratie.f,Hochmeisterin
titre.germanique.ploutocratie.m,Handelsherr
titre.germanique.ploutocratie.f,Handelsfrau
titre.germanique.dictature.m,Feldherr
titre.germanique.dictature.f,Feldherrin
titre.germanique.guilde_maitre.m,Zunftmeister
titre.germanique.guilde_maitre.f,Zunftmeisterin
culture.italienne.name,Italienne
titre.italienne.monarchie_hereditaire.m,Doge
titre.italienne.monarchie_hereditaire.f,Dogaressa
titre.italienne.republique.m,Gonfalonier
titre.italienne.republique.f,Gonfalonière
titre.italienne.theocratie.m,Primat
titre.italienne.theocratie.f,Primatesse
titre.italienne.ploutocratie.m,Banchiere
titre.italienne.ploutocratie.f,Banchiera
titre.italienne.dictature.m,Condottiere
titre.italienne.dictature.f,Condottiera
titre.italienne.guilde_maitre.m,Maestro d'Arte
titre.italienne.guilde_maitre.f,Maestra d'Arte
culture.francaise.name,Française
titre.francaise.monarchie_hereditaire.m,Roi
titre.francaise.monarchie_hereditaire.f,Reine
titre.francaise.republique.m,Prévôt
titre.francaise.republique.f,Prévôte
titre.francaise.theocratie.m,Grand Abbé
titre.francaise.theocratie.f,Grande Abbesse
titre.francaise.ploutocratie.m,Grand Argentier
titre.francaise.ploutocratie.f,Grande Argentière
titre.francaise.dictature.m,Connétable
titre.francaise.dictature.f,Connétable
titre.francaise.guilde_maitre.m,Maître Juré
titre.francaise.guilde_maitre.f,Maîtresse Jurée
culture.suedoise.name,Suédoise
titre.suedoise.monarchie_hereditaire.m,Konung
titre.suedoise.monarchie_hereditaire.f,Drottning
titre.suedoise.republique.m,Landshövding
titre.suedoise.republique.f,Landshövdingska
titre.suedoise.theocratie.m,Ärkebiskop
titre.suedoise.theocratie.f,Ärkebiskopinna
titre.suedoise.ploutocratie.m,Handelsman
titre.suedoise.ploutocratie.f,Handelskvinna
titre.suedoise.dictature.m,Riksmarsk
titre.suedoise.dictature.f,Riksmarskinna
titre.suedoise.guilde_maitre.m,Skråmästare
titre.suedoise.guilde_maitre.f,Skråmästarinna
culture.iberique.name,Ibérique
titre.iberique.monarchie_hereditaire.m,Rey
titre.iberique.monarchie_hereditaire.f,Reina
titre.iberique.republique.m,Alcalde Mayor
titre.iberique.republique.f,Alcaldesa Mayor
titre.iberique.theocratie.m,Gran Prior
titre.iberique.theocratie.f,Gran Priora
titre.iberique.ploutocratie.m,Mercader Mayor
titre.iberique.ploutocratie.f,Mercadera Mayor
titre.iberique.dictature.m,Adelantado
titre.iberique.dictature.f,Adelantada
titre.iberique.guilde_maitre.m,Maestre de Gremio
titre.iberique.guilde_maitre.f,Maestra de Gremio
culture.magyare.name,Magyare
titre.magyare.monarchie_hereditaire.m,Kiraly
titre.magyare.monarchie_hereditaire.f,Kiralyno
titre.magyare.republique.m,Ispan
titre.magyare.republique.f,Ispanno
titre.magyare.theocratie.m,Foppap
titre.magyare.theocratie.f,Foppapno
titre.magyare.ploutocratie.m,Kereskedo
titre.magyare.ploutocratie.f,Kereskedono
titre.magyare.dictature.m,Nador
titre.magyare.dictature.f,Nadorno
titre.magyare.guilde_maitre.m,Cehmester
titre.magyare.guilde_maitre.f,Cehmesterno
culture.turque.name,Turque
titre.turque.monarchie_hereditaire.m,Sultan
titre.turque.monarchie_hereditaire.f,Sultane
titre.turque.republique.m,Reis
titre.turque.republique.f,Reise
titre.turque.theocratie.m,Cheikh
titre.turque.theocratie.f,Cheikha
titre.turque.ploutocratie.m,Bezirgan
titre.turque.ploutocratie.f,Bezirgane
titre.turque.dictature.m,Serdar
titre.turque.dictature.f,Serdare
titre.turque.guilde_maitre.m,Lonca Ustasi
titre.turque.guilde_maitre.f,Lonca Ustasi
culture.coreenne.name,Coréenne
titre.coreenne.monarchie_hereditaire.m,Wang
titre.coreenne.monarchie_hereditaire.f,Wanghu
titre.coreenne.republique.m,Chonjang
titre.coreenne.republique.f,Chonjang
titre.coreenne.theocratie.m,Daesa
titre.coreenne.theocratie.f,Daesa
titre.coreenne.ploutocratie.m,Sangdo
titre.coreenne.ploutocratie.f,Sangdo
titre.coreenne.dictature.m,Janggun
titre.coreenne.dictature.f,Janggun
titre.coreenne.guilde_maitre.m,Gongjang
titre.coreenne.guilde_maitre.f,Gongjang
culture.mongole.name,Mongole
titre.mongole.monarchie_hereditaire.m,Khan
titre.mongole.monarchie_hereditaire.f,Khatun
titre.mongole.republique.m,Noyan
titre.mongole.republique.f,Noyanne
titre.mongole.theocratie.m,Bo
titre.mongole.theocratie.f,Udgan
titre.mongole.ploutocratie.m,Ortoq
titre.mongole.ploutocratie.f,Ortoq
titre.mongole.dictature.m,Orlok
titre.mongole.dictature.f,Orlok
titre.mongole.guilde_maitre.m,Darkhan
titre.mongole.guilde_maitre.f,Darkhan
culture.nilotique.name,Nilotique
titre.nilotique.monarchie_hereditaire.m,Pharaon
titre.nilotique.monarchie_hereditaire.f,Pharaonne
titre.nilotique.republique.m,Nomarque
titre.nilotique.republique.f,Nomarque
titre.nilotique.theocratie.m,Grand Prêtre
titre.nilotique.theocratie.f,Grande Prêtresse
titre.nilotique.ploutocratie.m,Maître du Grenier
titre.nilotique.ploutocratie.f,Maîtresse du Grenier
titre.nilotique.dictature.m,Général du Nord
titre.nilotique.dictature.f,Générale du Nord
titre.nilotique.guilde_maitre.m,Chef des Artisans
titre.nilotique.guilde_maitre.f,Cheffe des Artisans
culture.finnoise.name,Finnoise
titre.finnoise.monarchie_hereditaire.m,Kuningas
titre.finnoise.monarchie_hereditaire.f,Kuningatar
titre.finnoise.republique.m,Puhemies
titre.finnoise.republique.f,Puhenainen
titre.finnoise.theocratie.m,Ylipappi
titre.finnoise.theocratie.f,Ylipapitar
titre.finnoise.ploutocratie.m,Kauppias
titre.finnoise.ploutocratie.f,Kauppiatar
titre.finnoise.dictature.m,Sotamarsalkka
titre.finnoise.dictature.f,Sotamarsalkka
titre.finnoise.guilde_maitre.m,Kiltamestari
titre.finnoise.guilde_maitre.f,Kiltamestaritar
culture.balte.name,Balte
titre.balte.monarchie_hereditaire.m,Karalius
titre.balte.monarchie_hereditaire.f,Karaliene
titre.balte.republique.m,Seniunas
titre.balte.republique.f,Seniune
titre.balte.theocratie.m,Vaidila
titre.balte.theocratie.f,Vaidilute
titre.balte.ploutocratie.m,Pirklys
titre.balte.ploutocratie.f,Pirkle
titre.balte.dictature.m,Kunigaikstis
titre.balte.dictature.f,Kunigaikstiene
titre.balte.guilde_maitre.m,Cecho Meistras
titre.balte.guilde_maitre.f,Cecho Meistre
culture.roumaine.name,Roumaine
titre.roumaine.monarchie_hereditaire.m,Domn
titre.roumaine.monarchie_hereditaire.f,Doamna
titre.roumaine.republique.m,Staroste
titre.roumaine.republique.f,Starosta
titre.roumaine.theocratie.m,Mitropolit
titre.roumaine.theocratie.f,Mitropolita
titre.roumaine.ploutocratie.m,Negustor
titre.roumaine.ploutocratie.f,Negustoreasa
titre.roumaine.dictature.m,Voievod
titre.roumaine.dictature.f,Voievodesa
titre.roumaine.guilde_maitre.m,Staroste de Breasla
titre.roumaine.guilde_maitre.f,Starosta de Breasla
culture.neerlandaise.name,Néerlandaise
titre.neerlandaise.monarchie_hereditaire.m,Stadhouder
titre.neerlandaise.monarchie_hereditaire.f,Stadhoudster
titre.neerlandaise.republique.m,Raadpensionaris
titre.neerlandaise.republique.f,Raadpensionaris
titre.neerlandaise.theocratie.m,Hoogpriester
titre.neerlandaise.theocratie.f,Hoogpriesteres
titre.neerlandaise.ploutocratie.m,Koopman
titre.neerlandaise.ploutocratie.f,Koopvrouw
titre.neerlandaise.dictature.m,Veldheer
titre.neerlandaise.dictature.f,Veldheerin
titre.neerlandaise.guilde_maitre.m,Gildemeester
titre.neerlandaise.guilde_maitre.f,Gildemeesteres
culture.vietnamienne.name,Vietnamienne
titre.vietnamienne.monarchie_hereditaire.m,Vua
titre.vietnamienne.monarchie_hereditaire.f,Hoang Hau
titre.vietnamienne.republique.m,Chu Tich
titre.vietnamienne.republique.f,Chu Tich
titre.vietnamienne.theocratie.m,Thay Ca
titre.vietnamienne.theocratie.f,Thay Ca
titre.vietnamienne.ploutocratie.m,Phu Thuong
titre.vietnamienne.ploutocratie.f,Phu Thuong
titre.vietnamienne.dictature.m,Tuong Quan
titre.vietnamienne.dictature.f,Tuong Quan
titre.vietnamienne.guilde_maitre.m,Thay Ca Phuong
titre.vietnamienne.guilde_maitre.f,Thay Ca Phuong
culture.polynesienne.name,Polynésienne
titre.polynesienne.monarchie_hereditaire.m,Ariki
titre.polynesienne.monarchie_hereditaire.f,Ariki Wahine
titre.polynesienne.republique.m,Rangatira
titre.polynesienne.republique.f,Rangatira Wahine
titre.polynesienne.theocratie.m,Tohunga
titre.polynesienne.theocratie.f,Tohunga Wahine
titre.polynesienne.ploutocratie.m,Kaihokohoko
titre.polynesienne.ploutocratie.f,Kaihokohoko
titre.polynesienne.dictature.m,Toa Nui
titre.polynesienne.dictature.f,Toa Nui
titre.polynesienne.guilde_maitre.m,Tohunga Whakairo
titre.polynesienne.guilde_maitre.f,Tohunga Whakairo
culture.quechua.name,Quechua
titre.quechua.monarchie_hereditaire.m,Sapa Inca
titre.quechua.monarchie_hereditaire.f,Coya
titre.quechua.republique.m,Curaca
titre.quechua.republique.f,Curaca
titre.quechua.theocratie.m,Willaq Umu
titre.quechua.theocratie.f,Mama Cuna
titre.quechua.ploutocratie.m,Qollqa Kamayuq
titre.quechua.ploutocratie.f,Qollqa Kamayuq
titre.quechua.dictature.m,Apuskipay
titre.quechua.dictature.f,Apuskipay
titre.quechua.guilde_maitre.m,Kamayuq
titre.quechua.guilde_maitre.f,Kamayuq
culture.yoruba.name,Yoruba
titre.yoruba.monarchie_hereditaire.m,Oba
titre.yoruba.monarchie_hereditaire.f,Olori
titre.yoruba.republique.m,Baale
titre.yoruba.republique.f,Iyaloja
titre.yoruba.theocratie.m,Babalawo
titre.yoruba.theocratie.f,Iyanifa
titre.yoruba.ploutocratie.m,Iyaloja
titre.yoruba.ploutocratie.f,Iyaloja
titre.yoruba.dictature.m,Balogun
titre.yoruba.dictature.f,Iyalode
titre.yoruba.guilde_maitre.m,Olori Ise
titre.yoruba.guilde_maitre.f,Olori Ise
culture.tibetaine.name,Tibétaine
titre.tibetaine.monarchie_hereditaire.m,Gyalpo
titre.tibetaine.monarchie_hereditaire.f,Gyalmo
titre.tibetaine.republique.m,Dzasak
titre.tibetaine.republique.f,Dzasak
titre.tibetaine.theocratie.m,Rinpoche
titre.tibetaine.theocratie.f,Jetsunma
titre.tibetaine.ploutocratie.m,Tsongpon
titre.tibetaine.ploutocratie.f,Tsongmo
titre.tibetaine.dictature.m,Depon
titre.tibetaine.dictature.f,Depon
titre.tibetaine.guilde_maitre.m,Zopon
titre.tibetaine.guilde_maitre.f,Zopon
culture.malaise.name,Malaise
titre.malaise.monarchie_hereditaire.m,Sultan
titre.malaise.monarchie_hereditaire.f,Permaisuri
titre.malaise.republique.m,Penghulu
titre.malaise.republique.f,Penghulu
titre.malaise.theocratie.m,Imam Besar
titre.malaise.theocratie.f,Imam Besar
titre.malaise.ploutocratie.m,Saudagar
titre.malaise.ploutocratie.f,Saudagar
titre.malaise.dictature.m,Laksamana
titre.malaise.dictature.f,Laksamana
titre.malaise.guilde_maitre.m,Tukang Besar
titre.malaise.guilde_maitre.f,Tukang Besar
culture.khmere.name,Khmère
titre.khmere.monarchie_hereditaire.m,Preah Bat
titre.khmere.monarchie_hereditaire.f,Preah Reachini
titre.khmere.republique.m,Mekhum
titre.khmere.republique.f,Mekhum
titre.khmere.theocratie.m,Sangha Raja
titre.khmere.theocratie.f,Sangha Raja
titre.khmere.ploutocratie.m,Neak Chumnuonh
titre.khmere.ploutocratie.f,Neak Chumnuonh
titre.khmere.dictature.m,Sena Pati
titre.khmere.dictature.f,Sena Pati
titre.khmere.guilde_maitre.m,Kru Chang
titre.khmere.guilde_maitre.f,Kru Chang
culture.javanaise.name,Javanaise
titre.javanaise.monarchie_hereditaire.m,Susuhunan
titre.javanaise.monarchie_hereditaire.f,Ratu
titre.javanaise.republique.m,Lurah Agung
titre.javanaise.republique.f,Lurah Agung
titre.javanaise.theocratie.m,Pandita
titre.javanaise.theocratie.f,Pandita
titre.javanaise.ploutocratie.m,Juragan
titre.javanaise.ploutocratie.f,Juragan
titre.javanaise.dictature.m,Senapati
titre.javanaise.dictature.f,Senapati
titre.javanaise.guilde_maitre.m,Empu
titre.javanaise.guilde_maitre.f,Empu
culture.armenienne.name,Arménienne
titre.armenienne.monarchie_hereditaire.m,Arka
titre.armenienne.monarchie_hereditaire.f,Tagouhi
titre.armenienne.republique.m,Nakharar
titre.armenienne.republique.f,Nakharar
titre.armenienne.theocratie.m,Catholicos
titre.armenienne.theocratie.f,Mayrapet
titre.armenienne.ploutocratie.m,Vacharakan
titre.armenienne.ploutocratie.f,Vacharakan
titre.armenienne.dictature.m,Sparapet
titre.armenienne.dictature.f,Sparapet
titre.armenienne.guilde_maitre.m,Varpet
titre.armenienne.guilde_maitre.f,Varpet
culture.georgienne.name,Géorgienne
titre.georgienne.monarchie_hereditaire.m,Mepe
titre.georgienne.monarchie_hereditaire.f,Dedopali
titre.georgienne.republique.m,Mamasakhlisi
titre.georgienne.republique.f,Mamasakhlisi
titre.georgienne.theocratie.m,Katalikosi
titre.georgienne.theocratie.f,Katalikosi
titre.georgienne.ploutocratie.m,Vachari
titre.georgienne.ploutocratie.f,Vachari
titre.georgienne.dictature.m,Sardali
titre.georgienne.dictature.f,Sardali
titre.georgienne.guilde_maitre.m,Ostati
titre.georgienne.guilde_maitre.f,Ostati
culture.ethiopienne.name,Éthiopienne
titre.ethiopienne.monarchie_hereditaire.m,Negus
titre.ethiopienne.monarchie_hereditaire.f,Negiste
titre.ethiopienne.republique.m,Shum
titre.ethiopienne.republique.f,Shum
titre.ethiopienne.theocratie.m,Abune
titre.ethiopienne.theocratie.f,Emahoy
titre.ethiopienne.ploutocratie.m,Nagade
titre.ethiopienne.ploutocratie.f,Nagade
titre.ethiopienne.dictature.m,Ras
titre.ethiopienne.dictature.f,Ras
titre.ethiopienne.guilde_maitre.m,Aleqa
titre.ethiopienne.guilde_maitre.f,Aleqa
culture.lakota.name,Lakota
titre.lakota.monarchie_hereditaire.m,Itancan
titre.lakota.monarchie_hereditaire.f,Itancan Winyan
titre.lakota.republique.m,Naca
titre.lakota.republique.f,Naca
titre.lakota.theocratie.m,Wicasa Wakan
titre.lakota.theocratie.f,Winyan Wakan
titre.lakota.ploutocratie.m,Wopeton
titre.lakota.ploutocratie.f,Wopeton
titre.lakota.dictature.m,Blotahunka
titre.lakota.dictature.f,Blotahunka
titre.lakota.guilde_maitre.m,Wayupika
titre.lakota.guilde_maitre.f,Wayupika
culture.inuite.name,Inuite
titre.inuite.monarchie_hereditaire.m,Angajuqqaaq
titre.inuite.monarchie_hereditaire.f,Angajuqqaaq
titre.inuite.republique.m,Isumataq
titre.inuite.republique.f,Isumataq
titre.inuite.theocratie.m,Angakkuq
titre.inuite.theocratie.f,Angakkuq
titre.inuite.ploutocratie.m,Niuvertoq
titre.inuite.ploutocratie.f,Niuvertoq
titre.inuite.dictature.m,Nalagaq
titre.inuite.dictature.f,Nalagaq
titre.inuite.guilde_maitre.m,Sanaji
titre.inuite.guilde_maitre.f,Sanaji
culture.nguni.name,Nguni
titre.nguni.monarchie_hereditaire.m,Inkosi Enkulu
titre.nguni.monarchie_hereditaire.f,Indlovukazi
titre.nguni.republique.m,Induna Enkulu
titre.nguni.republique.f,Induna Enkulu
titre.nguni.theocratie.m,Isangoma Esikhulu
titre.nguni.theocratie.f,Isangoma Esikhulu
titre.nguni.ploutocratie.m,Umthengisi Omkhulu
titre.nguni.ploutocratie.f,Umthengisi Omkhulu
titre.nguni.dictature.m,Induna Yempi
titre.nguni.dictature.f,Induna Yempi
titre.nguni.guilde_maitre.m,Ingcweti
titre.nguni.guilde_maitre.f,Ingcweti
culture.basque.name,Basque
titre.basque.monarchie_hereditaire.m,Jaun
titre.basque.monarchie_hereditaire.f,Andere
titre.basque.republique.m,Alkate Nagusi
titre.basque.republique.f,Alkate Nagusi
titre.basque.theocratie.m,Apaiz Nagusi
titre.basque.theocratie.f,Apaiz Nagusi
titre.basque.ploutocratie.m,Merkatari Nagusi
titre.basque.ploutocratie.f,Merkatari Nagusi
titre.basque.dictature.m,Gudalburu
titre.basque.dictature.f,Gudalburu
titre.basque.guilde_maitre.m,Maisu
titre.basque.guilde_maitre.f,Maistra
culture.albanaise.name,Albanaise
titre.albanaise.monarchie_hereditaire.m,Mbret
titre.albanaise.monarchie_hereditaire.f,Mbretëreshë
titre.albanaise.republique.m,Kryeplak
titre.albanaise.republique.f,Kryeplake
titre.albanaise.theocratie.m,Kryeprift
titre.albanaise.theocratie.f,Kryepriftëreshë
titre.albanaise.ploutocratie.m,Tregtar i Madh
titre.albanaise.ploutocratie.f,Tregtare e Madhe
titre.albanaise.dictature.m,Kryekomandant
titre.albanaise.dictature.f,Kryekomandante
titre.albanaise.guilde_maitre.m,Mjeshtër
titre.albanaise.guilde_maitre.f,Mjeshtre
culture.kurde.name,Kurde
titre.kurde.monarchie_hereditaire.m,Mîr
titre.kurde.monarchie_hereditaire.f,Mîre
titre.kurde.republique.m,Serok
titre.kurde.republique.f,Seroke
titre.kurde.theocratie.m,Şêx
titre.kurde.theocratie.f,Şêxe
titre.kurde.ploutocratie.m,Bazirgan
titre.kurde.ploutocratie.f,Bazirgane
titre.kurde.dictature.m,Serdar
titre.kurde.dictature.f,Serdare
titre.kurde.guilde_maitre.m,Ustad
titre.kurde.guilde_maitre.f,Ustade
culture.ouzbeke.name,Ouzbèke
titre.ouzbeke.monarchie_hereditaire.m,Xon
titre.ouzbeke.monarchie_hereditaire.f,Xonim
titre.ouzbeke.republique.m,Oqsoqol
titre.ouzbeke.republique.f,Oqsoqol
titre.ouzbeke.theocratie.m,Bosh Imom
titre.ouzbeke.theocratie.f,Bosh Imom
titre.ouzbeke.ploutocratie.m,Savdogar
titre.ouzbeke.ploutocratie.f,Savdogar
titre.ouzbeke.dictature.m,Amir
titre.ouzbeke.dictature.f,Amira
titre.ouzbeke.guilde_maitre.m,Usta
titre.ouzbeke.guilde_maitre.f,Usta
culture.tamoule.name,Tamoule
titre.tamoule.monarchie_hereditaire.m,Mannan
titre.tamoule.monarchie_hereditaire.f,Rani
titre.tamoule.republique.m,Peraiyar
titre.tamoule.republique.f,Peraiyar
titre.tamoule.theocratie.m,Kurukkal
titre.tamoule.theocratie.f,Kurukkal
titre.tamoule.ploutocratie.m,Chettiar
titre.tamoule.ploutocratie.f,Chettichi
titre.tamoule.dictature.m,Senathipathi
titre.tamoule.dictature.f,Senathipathi
titre.tamoule.guilde_maitre.m,Aasan
titre.tamoule.guilde_maitre.f,Aasan
culture.bengalie.name,Bengalie
titre.bengalie.monarchie_hereditaire.m,Maharaj
titre.bengalie.monarchie_hereditaire.f,Maharani
titre.bengalie.republique.m,Sabhapati
titre.bengalie.republique.f,Sabhanetri
titre.bengalie.theocratie.m,Purohit
titre.bengalie.theocratie.f,Purohita
titre.bengalie.ploutocratie.m,Banik
titre.bengalie.ploutocratie.f,Banik
titre.bengalie.dictature.m,Senapati
titre.bengalie.dictature.f,Senapati
titre.bengalie.guilde_maitre.m,Karigar Pradhan
titre.bengalie.guilde_maitre.f,Karigar Pradhan
culture.birmane.name,Birmane
titre.birmane.monarchie_hereditaire.m,Min
titre.birmane.monarchie_hereditaire.f,Mibaya
titre.birmane.republique.m,Myothugyi
titre.birmane.republique.f,Myothugyi
titre.birmane.theocratie.m,Sayadaw
titre.birmane.theocratie.f,Sayadaw
titre.birmane.ploutocratie.m,Thutay
titre.birmane.ploutocratie.f,Thutay
titre.birmane.dictature.m,Bo Gyoke
titre.birmane.dictature.f,Bo Gyoke
titre.birmane.guilde_maitre.m,Saya Gyi
titre.birmane.guilde_maitre.f,Saya Gyi
culture.haoussa.name,Haoussa
titre.haoussa.monarchie_hereditaire.m,Sarki
titre.haoussa.monarchie_hereditaire.f,Sarauniya
titre.haoussa.republique.m,Shugaba
titre.haoussa.republique.f,Shugaba
titre.haoussa.theocratie.m,Limamin Juma
titre.haoussa.theocratie.f,Limamin Juma
titre.haoussa.ploutocratie.m,Attajiri
titre.haoussa.ploutocratie.f,Attajiriya
titre.haoussa.dictature.m,Madawaki
titre.haoussa.dictature.f,Madawaki
titre.haoussa.guilde_maitre.m,Sarkin Sana'a
titre.haoussa.guilde_maitre.f,Sarkin Sana'a
culture.akan.name,Akan
titre.akan.monarchie_hereditaire.m,Ohene
titre.akan.monarchie_hereditaire.f,Ohemaa
titre.akan.republique.m,Odikro
titre.akan.republique.f,Obaapanin
titre.akan.theocratie.m,Okomfo
titre.akan.theocratie.f,Okomfo
titre.akan.ploutocratie.m,Osikani
titre.akan.ploutocratie.f,Osikani
titre.akan.dictature.m,Safohene
titre.akan.dictature.f,Safohemaa
titre.akan.guilde_maitre.m,Adwumfo Panin
titre.akan.guilde_maitre.f,Adwumfo Panin
culture.maya.name,Maya
titre.maya.monarchie_hereditaire.m,Ajaw
titre.maya.monarchie_hereditaire.f,Ix Ajaw
titre.maya.republique.m,Batab
titre.maya.republique.f,Ix Batab
titre.maya.theocratie.m,Ah Kin
titre.maya.theocratie.f,Ix Kin
titre.maya.ploutocratie.m,Ppolm
titre.maya.ploutocratie.f,Ppolm
titre.maya.dictature.m,Nacom
titre.maya.dictature.f,Nacom
titre.maya.guilde_maitre.m,Ah Men
titre.maya.guilde_maitre.f,Ix Men
culture.guarani.name,Guaranie
titre.guarani.monarchie_hereditaire.m,Mburuvicha Guasu
titre.guarani.monarchie_hereditaire.f,Mburuvicha Guasu
titre.guarani.republique.m,Tendota
titre.guarani.republique.f,Tendota
titre.guarani.theocratie.m,Paje
titre.guarani.theocratie.f,Paje
titre.guarani.ploutocratie.m,Ñemuha
titre.guarani.ploutocratie.f,Ñemuha
titre.guarani.dictature.m,Ruvicha
titre.guarani.dictature.f,Ruvicha
titre.guarani.guilde_maitre.m,Mbaapo Ruvicha
titre.guarani.guilde_maitre.f,Mbaapo Ruvicha
culture.samie.name,Samie
titre.samie.monarchie_hereditaire.m,Noaidi Stuoris
titre.samie.monarchie_hereditaire.f,Noaidi Stuoris
titre.samie.republique.m,Siidaisit
titre.samie.republique.f,Siidaisit
titre.samie.theocratie.m,Noaidi
titre.samie.theocratie.f,Noaidi
titre.samie.ploutocratie.m,Gávpe Isit
titre.samie.ploutocratie.f,Gávpe Isit
titre.samie.dictature.m,Soahteoaivi
titre.samie.dictature.f,Soahteoaivi
titre.samie.guilde_maitre.m,Duojár
titre.samie.guilde_maitre.f,Duojár
journal.gaz_echappe,"un souffle de {gaz} s'échappe de la roche ({n} tuiles)"
journal.gaz_blesse,"{nom} respire du {gaz} ({degats})"
journal.gaz_explose,"le {gaz} s'enflamme et explose !"
zone.gaz,Nuage de gaz
journal.gaz_soigne,"les {gaz} soignent {nom} (+{n})"
journal.gaz_mana,"la {gaz} rend du mana à {nom} (+{n})"
gaz._template,gabarit
gaz.azote,azote
gaz.dioxyde_de_carbone,dioxyde de carbone
gaz.methane,méthane (grisou)
gaz.monoxyde_de_carbone,monoxyde de carbone
gaz.sulfure_d_hydrogene,sulfure d'hydrogène
gaz.dioxyde_de_soufre,dioxyde de soufre
gaz.vapeur_d_eau,vapeur d'eau
gaz.radon,radon
gaz.hydrogene,hydrogène
gaz.ammoniac,ammoniac
gaz.ethane,éthane
gaz.helium,hélium
gaz.argon,argon
gaz.vapeur_de_mercure,vapeur de mercure
gaz.arsine,arsine
journal.nappe_percee,"la pioche perce une nappe : l'eau jaillit en ({x},{y})"
journal.geode,"une géode s'ouvre : {n} gemme(s) brute(s) au sol"
journal.magma_perce,"la pioche perce une poche de magma en ({x},{y}) !"
item.farine.name,Farine
item.fromage.name,Fromage
item.beurre.name,Beurre
item.sucre.name,Sucre
item.biere.name,Bière
item.vin.name,Vin
recipe.moudre_farine.name,Moudre la farine
recipe.cuire_pain.name,Cuire le pain
recipe.faire_fromage.name,Faire le fromage
recipe.baratter_beurre.name,Baratter le beurre
recipe.presser_huile.name,"Presser l'huile"
recipe.raffiner_sucre.name,Raffiner le sucre
recipe.brasser_biere.name,Brasser la bière
recipe.vinifier.name,Vinifier
recipe.rouir_lin.name,Rouir le lin
recipe.rouir_chanvre.name,Rouir le chanvre
item.viande_salee.name,Viande salée
item.viande_fumee.name,Viande fumée
recipe.saler_viande.name,Saler la viande
recipe.fumer_viande.name,Fumer la viande
item.chandelle.name,Chandelle
material.uraninite.name,Uraninite
material.kaolin.name,Kaolin
recipe.faire_vinaigre.name,Faire le vinaigre
recipe.distiller_vin.name,Distiller le vin
recipe.faire_savon.name,Faire le savon
recipe.faire_encre.name,"Faire l'encre"
plant.seigle.name,Seigle
item.seigle.name,Seigle
plant.avoine.name,Avoine
item.avoine.name,Avoine
plant.millet.name,Millet
item.millet.name,Millet
plant.riz.name,Riz
item.riz.name,Riz
plant.mais.name,Maïs
item.mais.name,Maïs
plant.sarrasin.name,Sarrasin
item.sarrasin.name,Sarrasin
plant.epeautre.name,Épeautre
item.epeautre.name,Épeautre
plant.navet.name,Navet
item.navet.name,Navet
plant.betterave.name,Betterave
item.betterave.name,Betterave
plant.radis.name,Radis
item.radis.name,Radis
plant.panais.name,Panais
item.panais.name,Panais
plant.poireau.name,Poireau
item.poireau.name,Poireau
plant.ail.name,Ail
item.ail.name,Ail
plant.laitue.name,Laitue
item.laitue.name,Laitue
plant.epinard.name,Épinard
item.epinard.name,Épinard
plant.courgette.name,Courgette
item.courgette.name,Courgette
plant.concombre.name,Concombre
item.concombre.name,Concombre
plant.aubergine.name,Aubergine
item.aubergine.name,Aubergine
plant.poivron.name,Poivron
item.poivron.name,Poivron
plant.haricot.name,Haricot
item.haricot.name,Haricot
plant.pois.name,Pois
item.pois.name,Pois
plant.lentille.name,Lentille
item.lentille.name,Lentille
plant.feve.name,Fève
item.feve.name,Fève
plant.tige_de_lin.name,Lin
item.tige_de_lin.name,Tiges de lin
plant.tige_de_chanvre.name,Chanvre
item.tige_de_chanvre.name,Tiges de chanvre
plant.tournesol.name,Tournesol
item.tournesol.name,Graines de tournesol
plant.colza.name,Colza
item.colza.name,Graines de colza
plant.canne_a_sucre.name,Canne à sucre
item.canne_a_sucre.name,Canne à sucre
plant.poivre.name,Poivrier
item.poivre.name,Poivre
plant.safran.name,Safran
item.safran.name,Safran
plant.gingembre.name,Gingembre
item.gingembre.name,Gingembre
plant.cannelle.name,Cannelier
item.cannelle.name,Cannelle
plant.garance.name,Garance
item.garance.name,Racine de garance
plant.indigo.name,Indigotier
item.indigo.name,"Feuilles d'indigo"
plant.pastel.name,Pastel
item.pastel.name,Feuilles de pastel
plant.tabac.name,Tabac
item.tabac.name,Feuilles de tabac
plant.thym.name,Thym
item.thym.name,Thym
plant.romarin.name,Romarin
item.romarin.name,Romarin
plant.basilic.name,Basilic
item.basilic.name,Basilic
plant.lavande.name,Lavande
item.lavande.name,Lavande
plant.origan.name,Origan
item.origan.name,Origan
plant.persil.name,Persil
item.persil.name,Persil
plant.coriandre.name,Coriandre
item.coriandre.name,Coriandre
plant.aneth.name,Aneth
item.aneth.name,Aneth
plant.cepe.name,Cèpe
item.cepe.name,Cèpe
plant.girolle.name,Girolle
item.girolle.name,Girolle
plant.truffe.name,Truffe
item.truffe.name,Truffe
plant.soja.name,Soja
item.soja.name,Soja
plant.pois_chiche.name,Pois chiche
item.pois_chiche.name,Pois chiche
plant.sorgho.name,Sorgho
item.sorgho.name,Sorgho
plant.quinoa.name,Quinoa
item.quinoa.name,Quinoa
plant.patate_douce.name,Patate douce
item.patate_douce.name,Patate douce
plant.manioc.name,Manioc
item.manioc.name,Manioc
plant.igname.name,Igname
item.igname.name,Igname
plant.taro.name,Taro
item.taro.name,Taro
plant.melon.name,Melon
item.melon.name,Melon
plant.pasteque.name,Pastèque
item.pasteque.name,Pastèque
plant.courge.name,Courge
item.courge.name,Courge
plant.pecher.name,Pêcher
item.pecher.name,Pêche
plant.abricotier.name,Abricotier
item.abricotier.name,Abricot
plant.cognassier.name,Cognassier
item.cognassier.name,Coing
plant.chataigne.name,Châtaignier
item.chataigne.name,Châtaigne
plant.grenadier.name,Grenadier
item.grenadier.name,Grenade
plant.citronnier.name,Citronnier
item.citronnier.name,Citron
plant.ananas.name,Ananas
item.ananas.name,Ananas
plant.murier.name,Mûrier
item.murier.name,Mûre
plant.fraisier.name,Fraisier
item.fraisier.name,Fraise
plant.groseillier.name,Groseillier
item.groseillier.name,Groseille
plant.cassissier.name,Cassissier
item.cassissier.name,Cassis
plant.pomme.name,Pommier
item.pomme.name,Pomme
plant.poirier.name,Poirier
item.poirier.name,Poire
plant.prunier.name,Prunier
item.prunier.name,Prune
plant.cerise.name,Cerisier
item.cerise.name,Cerise
plant.figuier.name,Figuier
item.figuier.name,Figue
plant.olive.name,Olivier
item.olive.name,Olive
plant.oranger.name,Oranger
item.oranger.name,Orange
plant.dattier.name,Dattier
item.dattier.name,Datte
plant.noisette.name,Noisetier
item.noisette.name,Noisette
plant.noix.name,Noyer
item.noix.name,Noix
plant.amandier.name,Amandier
item.amandier.name,Amande
plant.bananier.name,Bananier
item.bananier.name,Banane
creature.vache.name,Vache
creature.mouton.name,Mouton
creature.chevre.name,Chèvre
creature.cochon.name,Cochon
creature.poule.name,Poule
creature.oie.name,Oie
creature.canard.name,Canard
creature.lapin.name,Lapin
creature.ane.name,Âne
creature.cheval.name,Cheval
creature.buffle.name,Buffle
creature.yak.name,Yak
creature.lama.name,Lama
creature.dinde.name,Dinde
creature.pintade.name,Pintade
creature.pigeon.name,Pigeon
creature.dromadaire.name,Dromadaire
item.oeuf.name,Œuf
option.labourer,Labourer
option.arroser,Arroser
journal.laboure,"{nom} laboure la terre (fertilité {fertilite})"
journal.labour_refuse,cette terre ne se laboure pas
journal.arrose,"{nom} arrose la parcelle"
journal.arrosage_sans_seau,il faut un seau en main pour arroser
journal.deja_arrose,"cette parcelle a déjà été arrosée aujourd'hui"
journal.denrees_perdues,"{n} unité(s) de denrées se sont gâtées"
journal.ville_batit,"{ville} bâtit {n} maison(s) : elle loge maintenant {logements} habitants"
journal.deuil,"{village} porte le deuil : {n} habitant(s), dont {proches} proche(s)"
journal.deuil_accuse,"à {village}, on sait qui l'a tué (réputation {reputation})"
function.journalier.name,Journalier
function.portefaix.name,Portefaix
journal.chaleur_blesse,"{nom} souffre de la chaleur ({degres} °C, {degats})"
journal.incarne_sans_chaine,"{nom} n'a pas de jauge de chaîne : plus d'enchaînement Wu Xing tant que vous êtes dans ce corps."
journal.incarne_avec_chaine,"{nom} porte une jauge de chaîne : l'enchaînement Wu Xing est de nouveau possible."
ui.apparence.pilosite,Pilosité
ui.apparence.teinte_pilosite,Couleur de la pilosité
ui.apparence.val.legere,légère
ui.apparence.val.fournie,fournie
ui.apparence.val.etoile,"étoile"
ui.apparence.val.mecha,"mecha"
ui.apparence.val.poisson,"poisson"
ui.coffre.titre,"{nom} — {n} / {cap} emplacements"
